Date,beta1_level,beta2_slope,beta3_curvature,fitted_Y1,residual_Y1,fitted_Y3,residual_Y3,fitted_Y5,residual_Y5,fitted_Y10,residual_Y10,Y1,Y3,Y5,Y10,Repo
2006-04-30,7.684065284909993,-0.4396648761555767,-3.90040285543902,6.314936127670691,-0.001936127670691512,6.691767069598712,0.03223293040128805,7.040076146505257,-0.06107614650525672,7.359220656225332,0.03077934377466729,6.313,6.724,6.979,7.39,6.5
2006-05-31,8.04404333243465,-0.20736909261997072,-5.068755910475645,6.465620393760447,-0.00062039376044698,6.843671595936157,0.010328404063843166,7.261570641325969,-0.019570641325969085,7.649137368977412,0.009862631022587998,6.465,6.854,7.242,7.659,6.5
2006-06-30,8.534706878379897,0.27422277590383776,-5.683841346625197,7.044332925103767,-0.0013329251037665912,7.31280927221361,0.02219072778638953,7.733047810250769,-0.04204781025076887,8.129809992431838,0.021190007568161917,7.043,7.335,7.691,8.151,6.75
2006-07-31,8.697599010568856,-0.39057416026585295,-5.560359147644261,6.876107718468115,0.0008922815318843647,7.340854830572818,-0.014854830572818223,7.814852518617416,0.02814748138258416,8.252184932341645,-0.014184932341645862,6.877,7.326,7.843,8.238,7.0
2006-08-31,8.14114716593645,-1.0740496176452705,-2.521808120454595,6.820194919609078,-0.0011949196090776937,7.306106807429255,0.019893192570744844,7.606694355703367,-0.03769435570336732,7.872003917258293,0.018996082741707276,6.819,7.326,7.569,7.891,7.0
2006-09-30,7.814906451333625,-1.2412232717028566,-1.220039590920085,6.777711770669459,-0.0007117706694588222,7.234150340084644,0.011849659915356803,7.448453173075408,-0.02245317307540784,7.630684716170483,0.011315283829516964,6.777,7.246,7.426,7.642,7.0
2006-10-31,7.795975793327321,-0.2705817570034516,-1.9866900130805853,7.0728726930836165,0.0001273069163838514,7.279119423753601,-0.0021194237536006355,7.460984037626417,0.004015962373582482,7.627023845536356,-0.0020238455363559282,7.073,7.277,7.465,7.625,7.25
2006-11-30,7.554538942872931,-0.34256446108053035,-1.3393014452449368,6.978707205279308,0.00029279472069188017,7.166874488390737,-0.004874488390736786,7.304763639440016,0.009236360559984114,7.428654666889925,-0.0046546668899249966,6.979,7.162,7.314,7.424,7.25
2006-12-31,7.7161558728891135,-0.10876278529780944,-1.1676419652930812,7.318898109814717,0.00010189018528272697,7.424696282378684,-0.001696282378683911,7.526785821525218,0.0032141784747823365,7.620619786281373,-0.001619786281373159,7.319,7.423,7.53,7.619,7.25
2007-01-31,7.739516293516191,-1.491474118412839,1.1422299230495556,7.246549071700052,-0.0015490717000519183,7.633210832761596,0.025789167238404076,7.685866266172262,-0.04886626617226231,7.713373829366086,0.02462617063391459,7.245,7.659,7.637,7.738,7.5
2007-02-28,8.05006879455495,-0.7644962135086983,0.07893400671860888,7.6510783237077025,-7.83237077026655e-05,7.880696055710884,0.0013039442891153996,7.947470761778253,-0.0024707617782526725,7.998754858803156,0.0012451411968443793,7.651,7.882,7.945,8.0,7.5
2007-03-31,8.012177112005276,-1.090139910993487,0.9846294919056393,7.695114763761298,-0.0011147637612980432,7.968441253448484,0.018558746551516236,7.99516579812083,-0.03516579812082998,8.00427818466939,0.017721815330610013,7.694,7.987,7.96,8.022,7.5
2007-04-30,8.18057156240105,-0.2759049413271865,0.04930827630662086,8.042590607258195,-0.0005906072581947086,8.124167485886295,0.00983251411370567,8.146631010741103,-0.018631010741103182,8.1636108961144,0.009389103885599326,8.042,8.134,8.128,8.173,7.75
2007-05-31,8.18751082633604,-0.539550252037961,-0.9233927014175922,7.623125045088169,-0.00012504508816846283,7.845918231485888,0.0020817685141114595,7.9699446118356185,-0.003944611835618339,8.07801211159031,0.0019878884096904414,7.623,7.848,7.966,8.08,7.75
2007-06-30,8.321260089036198,-0.5283418006526076,-1.6955851544875942,7.540025270691755,-0.0020252706917549546,7.80728300383324,0.03371699616675983,7.9908882091066715,-0.06388820910667192,8.154803516368329,0.0321964836316706,7.538,7.841,7.927,8.187,7.75
2007-07-31,8.021951636853128,-0.5718218711765132,-2.394583874688666,7.014835550761044,-0.0028355507610440256,7.338793345338964,0.047206654661035685,7.58144891203517,-0.08944891203517003,7.799922191864816,0.045077808135183695,7.012,7.386,7.492,7.845,7.75
2007-08-31,7.970386376581513,-2.041773841935106,1.179322235487313,7.184520334936921,-0.0015203349369210528,7.73768924650463,0.025310753495370264,7.839959750149801,-0.04795975014980147,7.905830668408643,0.024169331591356702,7.183,7.763,7.792,7.93,7.75
2007-09-30,7.951453137061605,-2.5238054472053015,1.864159537491754,7.097441986564915,-0.0014419865649148988,7.75599360140856,0.024006398591439826,7.850488210323432,-0.0454882103234322,7.902076201703086,0.02292379829691349,7.096,7.78,7.805,7.925,7.75
2007-10-31,7.852486341342381,-1.8662669393558313,1.4993303539885126,7.2558794501972,-0.0008794501971998159,7.735358787322294,0.014641212677705795,7.795742710308535,-0.02774271030853548,7.8250190521719665,0.01398094782803394,7.255,7.75,7.768,7.839,7.75
2007-11-30,7.947699094828112,-0.9269931365454979,0.44090095465018064,7.5636027791224665,0.00039722087753357727,7.8206129899867465,-0.00661298998674642,7.874469462433601,0.012530537566398436,7.91131476845718,-0.006314768457179376,7.564,7.814,7.887,7.905,7.75
2007-12-31,7.8612653851243,0.20993528752602025,-0.8533775056421026,7.73060948292781,0.0013905170721901783,7.719149527114331,-0.023149527114330937,7.7661354213855125,0.043864578614487115,7.813105568572335,-0.02210556857233481,7.732,7.696,7.81,7.791,7.75
2008-01-31,7.528269616400087,-0.12101576927797031,0.041265768011628005,7.473421432885687,-0.0004214328856875227,7.5079839250382365,0.007016074961763152,7.516294317858222,-0.01329431785822166,7.522300324217858,0.00669967578214159,7.473,7.515,7.503,7.529,7.75
2008-02-29,7.6413437733836425,0.337797449312019,-1.123932190011138,7.5030876507519,0.0009123492480993534,7.469188920782802,-0.015188920782802207,7.525219472153539,0.028780527846461013,7.582503956311753,-0.014503956311753718,7.504,7.454,7.554,7.568,7.75
2008-03-31,8.096162569744163,0.3436886648634918,-2.498305750053051,7.564195311895565,-0.00019531189556509787,7.613748419625555,0.003251580374445062,7.777161214535896,-0.006161214535896242,7.934895053942971,0.0031049460570287124,7.564,7.617,7.771,7.938,7.75
2008-04-30,7.977711320099937,-0.40306226228364195,0.04155779024435453,7.767336349975173,-0.0003363499751722898,7.888400397502479,0.005599602497521339,7.923610333539389,-0.010610333539388783,7.950652918982949,0.005347081017051281,7.767,7.894,7.913,7.956,7.75
2008-05-31,8.154384570535873,-0.21682535694543095,-0.4942939324437249,7.891990022857951,9.977142049422127e-06,7.989166100887894,-0.00016610088789370536,8.048685265905473,0.0003147340945268695,8.101158610348676,-0.00015861034867548085,7.892,7.989,8.049,8.101,7.75
2008-06-30,8.388007294177424,-1.1340367391488657,5.0706984517028495,9.226908778069905,-0.0019087780699056367,9.26022238966471,0.03177761033528981,8.97021338923463,-0.06021338923462949,8.682655443030763,0.030344556969236436,9.225,9.292,8.91,8.713,8.5
2008-07-31,9.319514047562633,0.27974453441418967,-0.14442135307155135,9.432141800801325,0.0008581991986744697,9.355287423014461,-0.014287423014462064,9.339927663406641,0.027072336593359836,9.329643112777568,-0.013643112777566913,9.433,9.341,9.367,9.316,9.0
2008-08-31,8.438387373532393,-0.758499347139312,3.9147119683292693,9.1505964070032,-0.0015964070032001842,9.140422787864033,0.026577212135967088,8.90535948273734,-0.050359482737340144,8.67462132239542,0.02537867760457857,9.149,9.167,8.855,8.7,9.0
2008-09-30,8.601229700134338,1.2672416289662134,-1.312836619073761,8.921206550309929,-0.0012065503099289998,8.61391317785787,0.020086822142129535,8.596061252163679,-0.03806125216367917,8.597819019668515,0.019180980331485742,8.92,8.634,8.558,8.617,9.0
2008-10-31,7.584417998804136,0.7321956816220135,-1.6302010460236591,7.5175338347662075,0.0024661652337920614,7.394057071567136,-0.04105707156713656,7.452203545042516,0.07779645495748433,7.517205548624134,-0.0392055486241345,7.52,7.353,7.53,7.478,8.0
2008-11-30,7.2432909490041535,1.3915308099381574,-2.8372781120951203,7.1915351298396555,0.0034648701603448018,6.9406836540369605,-0.05768365403696052,7.030698882755645,0.10930111724435498,7.1350823333677305,-0.055082333367730385,7.195,6.883,7.14,7.08,7.5
2008-12-31,5.243063658178194,-2.200189145349441,2.787543007339834,4.83430020631922,0.001699793680780104,5.336298408332432,-0.028298408332432246,5.32737913116617,0.053620868833830215,5.287022254182172,-0.027022254182171856,4.836,5.308,5.381,5.26,6.5
2009-01-31,6.483083377796488,-3.057481102874969,-0.5976525508275453,4.623584650562679,0.0014153494373205788,5.598562939880987,-0.023562939880986455,5.937352071612813,0.04464792838718701,6.209500337943514,-0.022500337943514026,4.625,5.575,5.982,6.187,5.5
2009-02-28,6.651183047337459,-2.2452594002945667,-2.5113632428671346,4.68706591307195,-0.002065913071950476,5.53160638367433,0.03439361632567017,5.943170293963354,-0.06517029396335428,6.295157409290361,0.03284259070963902,4.685,5.566,5.878,6.328,5.5
2009-03-31,7.482746869469455,-3.7506509234746805,-1.792806354950089,4.895614149855847,0.0033858501441530464,6.157368117504513,-0.05636811750451276,6.656191609944531,0.10680839005546883,7.067826122695099,-0.053826122695098455,4.899,6.101,6.763,7.014,5.0
2009-04-30,6.633144117681649,-5.289492595746775,0.8260676508835906,3.9534108005263113,0.00358919947368852,5.52475350622933,-0.05975350622933018,5.964776850406388,0.11322314959361268,6.299058842837971,-0.05705884283797058,3.957,5.465,6.078,6.242,4.75
2009-05-31,7.145053171001726,-6.423657174442693,1.3112227016722369,3.9797045334989183,0.003295466501081812,5.868863397686406,-0.05486339768640569,6.379042808607391,0.10395719139260873,6.76238926020728,-0.05238926020728041,3.983,5.814,6.483,6.71,4.75
2009-06-30,7.600262973478429,-5.263028422316379,-1.6410010083263027,4.222565041250575,0.004434958749425455,5.9388338276273975,-0.07383382762739732,6.570096937601585,0.13990306239841477,7.083504193520439,-0.07050419352043935,4.227,5.865,6.71,7.013,4.75
2009-07-31,7.608249501094068,-5.412056367260147,-1.540533488527769,4.17734775470905,0.0056522452909497645,5.933099388088789,-0.0940993880887886,6.570697005471878,0.1783029945281216,7.087855851730286,-0.08985585173028543,4.183,5.839,6.749,6.998,4.75
2009-08-31,7.927014112832714,-5.697109375382848,-0.11918266315929667,4.749372403647872,0.0036275963521283927,6.504392742953773,-0.06039274295377339,7.057565601061458,0.1144343989385419,7.491669252336893,-0.05766925233689246,4.753,6.444,7.172,7.434,4.75
2009-09-30,7.499697377853751,-8.220286990283892,5.220454972494071,4.472216104699324,0.003783895300675688,6.669994830205929,-0.06299483020592866,7.044635070071768,0.11936492992823133,7.27515399502298,-0.06015399502298013,4.476,6.607,7.164,7.215,4.75
2009-10-31,7.726668671585669,-8.971052711789248,5.1428642237483375,4.262563162203929,0.008436837796071295,6.695457682416146,-0.1404576824161463,7.147855597916866,0.2661444020831336,7.4401235574630515,-0.1341235574630515,4.271,6.555,7.414,7.306,4.75
2009-11-30,7.774646358708484,-3.8199996622301104,-2.063256718475802,5.071138043676395,0.004861956323604311,6.370942544319183,-0.08094254431918291,6.8976270787731595,0.15337292122684065,7.334292333231262,-0.07729233323126206,5.076,6.29,7.051,7.257,4.75
2009-12-31,8.318462362683213,-2.960689994918128,-4.848658970939096,5.284543695642514,0.0034563043574866725,6.493541049325744,-0.057541049325744,7.156969095427161,0.1090309045728386,7.733946159604571,-0.05494615960457061,5.288,6.436,7.266,7.679,4.75
2010-01-31,8.331826432598804,-3.812220864959238,-5.093679349247236,4.7573303865731,0.004669613426899311,6.242740392262447,-0.07774039226244689,7.006694634707863,0.14730536529213722,7.665234586456582,-0.07423458645658165,4.762,6.165,7.154,7.591,4.75
2010-02-28,8.232927687062933,-6.1832916557107,0.7441377832553275,5.036402285514942,-0.0024022855149423705,6.88700640712935,0.03999359287064941,7.418781336261677,-0.07578133626167727,7.825809971094016,0.03819002890598355,5.034,6.927,7.343,7.864,4.75
2010-03-31,8.333107463762687,-4.740812703446901,-1.9301249580732285,5.160019295336519,-0.0010192953365191215,6.73403062543972,0.016969374560280137,7.338154197395119,-0.032154197395119155,7.833795881828634,0.016204118171365245,5.159,6.751,7.306,7.85,5.0
2010-04-30,8.782868687047706,-4.648819161527818,-4.706478640078952,4.858638821535912,0.0013611784640881197,6.576661093770145,-0.022661093770144802,7.390060922918151,0.042939077081848964,8.082639161775793,-0.02163916177579317,4.86,6.554,7.433,8.061,5.25
2010-05-31,8.103772115896962,-5.213515380257384,-0.7009975921234993,5.024893556483443,0.006106443516556759,6.667660945116206,-0.10166094511620649,7.220369088057452,0.19263091194254844,7.661076410342894,-0.09707641034289427,5.031,6.566,7.413,7.564,5.25
2010-06-30,7.965223924881565,-4.996492389091414,0.3868189307325219,5.320276570208021,0.003723429791978816,6.82898819176824,-0.061988191768239886,7.275542485746748,0.11745751425325146,7.620192752276984,-0.05919275227698417,5.324,6.767,7.393,7.561,5.25
2010-07-31,8.155296102531036,-2.5702445429760385,-1.557871330584734,6.287275511107186,0.002724488892813959,7.172357680792646,-0.04535768079264635,7.540054591911392,0.08594540808860796,7.846312216188782,-0.04331221618878178,6.29,7.127,7.626,7.803,5.75
2010-08-31,8.31422450274499,-2.260733605329274,-2.436052789537692,6.36332189609261,0.001678103907390316,7.207937313882534,-0.027937313882533843,7.6150633462607775,0.05293665373922263,7.962677443764063,-0.026677443764063113,6.365,7.18,7.668,7.936,5.75
2010-09-30,8.172550530548172,-2.2212200810213836,-1.5015420064568563,6.513363905416179,0.0026360945838206362,7.287886079692776,-0.04388607969277647,7.617843036004249,0.08315696399575057,7.8939069788867995,-0.04190697888679917,6.516,7.244,7.701,7.852,6.0
2010-10-31,8.566374311334789,-0.32840520079237445,-5.129319940625167,6.903680383374807,0.0023196166251926442,7.322617309369173,-0.03861730936917329,7.756826496526781,0.07317350347321927,8.157875810729234,-0.036875810729233294,6.906,7.284,7.83,8.121,6.0
2010-11-30,8.414880473864155,0.06630845914834967,-4.080283267496942,7.272952708048688,0.0030472919513115926,7.505731752283465,-0.050731752283464715,7.8198716028496795,0.09612839715032084,8.114443936818157,-0.048443936818156175,7.276,7.455,7.916,8.066,6.25
2010-12-31,8.146271155136404,0.2941442930060899,-2.843286176025385,7.48732821886305,0.002671781136950102,7.57348019453377,-0.0444801945337705,7.768717285269894,0.08428271473010618,7.9554743013332825,-0.04247430133328223,7.49,7.529,7.853,7.913,6.25
2011-01-31,8.293153202792471,-1.1126937356472568,-0.43656157052686606,7.553163639597019,0.0018363604029802971,7.921571990657863,-0.030571990657863424,8.062071063439436,0.05792893656056286,8.177193306305677,-0.02919330630567707,7.555,7.891,8.12,8.148,6.5
2011-02-28,8.060370414503371,-1.810051548284283,1.5210774026011584,7.501059984658732,0.0029400153412675323,7.961945795934866,-0.048945795934865366,8.01525569887325,0.09274430112674992,8.038738520533144,-0.04673852053314409,7.504,7.913,8.108,7.992,6.5
2011-03-31,8.03720900866619,-1.403712567045446,0.9183598110101838,7.5280011384311765,0.0009988615688234503,7.901629190272719,-0.016629190272719363,7.963490396351925,0.03150960364807531,8.000879274944172,-0.015879274944171407,7.529,7.885,7.995,7.985,6.75
2011-04-30,8.189373473109855,-0.8720244247868502,0.679387258455086,7.904486776206992,0.0025132237930076684,8.129840509192139,-0.04184050919213966,8.15971905850758,0.07928094149242071,8.17495365609329,-0.03995365609329049,7.907,8.088,8.239,8.135,6.75
2011-05-31,8.50835158133852,-0.035371081459051455,-0.6772313334224939,8.293231309931071,0.0027686900689278815,8.346093548294965,-0.04609354829496404,8.402660243001112,0.08733975699888852,8.455014898772847,-0.04401489877284703,8.296,8.3,8.49,8.411,7.25
2011-06-30,8.425600132114795,-0.20837444594433197,-0.6844731586775259,8.112938511904979,0.002061488095021602,8.219319948676755,-0.03431994867675492,8.292969294217484,0.06503070578251702,8.358772245200784,-0.0327722452007837,8.115,8.185,8.358,8.326,7.5
2011-07-31,8.532601964518014,0.31473080981191764,-1.1435342977511083,8.375957786612323,0.0010422133876772932,8.350350917553962,-0.01735091755396212,8.410122840854578,0.03287715914542133,8.470568454979135,-0.016568454979134728,8.377,8.333,8.443,8.454,8.0
2011-08-31,8.394930429883983,0.2510822617246191,-0.9314482217548418,8.264426971403974,0.001573028596025594,8.245188005069286,-0.026188005069286646,8.29437800118142,0.04962199881857998,8.344007022345325,-0.02500702234532426,8.266,8.219,8.344,8.319,8.0
2011-09-30,8.523640354791143,0.06837750983127405,-0.9873410443835114,8.276191175305831,0.0008088246941682087,8.316465429201076,-0.013465429201074741,8.387485207630762,0.025514792369238037,8.454858187862335,-0.012858187862335058,8.277,8.303,8.413,8.442,8.25
2011-10-31,9.085277703244234,0.8608040387385579,-3.063410102420548,8.675394592189662,0.002605407810339244,8.601375201898414,-0.04337520189841371,8.759811066109677,0.08218893389032367,8.920419139802242,-0.0414191398022421,8.678,8.558,8.842,8.879,8.5
2011-11-30,8.8433097210093,0.5496629384204326,-1.6412910297112489,8.672515177694853,0.0014848223051462384,8.605719534121846,-0.024719534121846465,8.682160514145888,0.04683948585411102,8.761604774037409,-0.023604774037409015,8.674,8.581,8.729,8.738,8.5
2011-12-31,8.837434781931503,2.3468039261944793,-5.456576880281261,8.556189520684448,0.0028104793155510066,8.174789261650258,-0.04678926165025743,8.37934197965104,0.08865802034896042,8.604679238014258,-0.04467923801425755,8.559,8.128,8.468,8.56,8.5
2012-01-31,8.367407047703267,1.8297750933139865,-2.816881091456445,8.5633313372785,0.0016686627214994587,8.17678013566941,-0.02778013566941162,8.22336117334174,0.05263882665826003,8.29352735371034,-0.026527353710340762,8.565,8.149,8.276,8.267,8.5
2012-02-29,8.250743674122287,2.2326589071908414,-2.3210427438709393,8.812161048522622,0.0028389514773774494,8.271263270272886,-0.047263270272885904,8.240443810613348,0.08955618938665211,8.24413187059114,-0.0451318705911401,8.815,8.224,8.33,8.199,8.5
2012-03-31,8.83697497494299,-0.05898915304558234,-2.5850721527483165,8.057780871018334,0.004219128981665321,8.236240662781926,-0.07024066278192542,8.444905399003861,0.133094600996138,8.63907306719587,-0.0670730671958708,8.062,8.166,8.578,8.572,8.5
2012-04-30,8.8242045305957,-0.80393395836238,-1.5756297579210556,7.925566392431022,-0.0015663924310214128,8.269922474754868,0.02607752524513174,8.470412657569055,-0.04941265756905544,8.646098475245044,0.024901524754955773,7.924,8.296,8.421,8.671,8.0
2012-05-31,8.503524098509173,-0.26747955982257127,-1.3035722492511448,7.979438012976617,0.0005619870233832813,8.142356040350615,-0.009356040350615658,8.27027182933573,0.017728170664270237,8.385934117337024,-0.00893411733702365,7.98,8.133,8.288,8.377,8.0
2012-06-30,8.535477950442177,0.4788817472045751,-2.778922546021399,7.997048851126693,-0.0010488511266926182,8.022538576417267,0.017461423582732394,8.195086550048407,-0.03308655004840588,8.363326022407616,0.01667397759238476,7.996,8.04,8.162,8.38,8.0
2012-07-31,8.373786889022247,0.5297452332688366,-2.029216169760967,8.079958581018127,0.0010414189818721553,8.043337692172427,-0.01733769217242731,8.152147900795756,0.03285209920424492,8.261555826013671,-0.016555826013672004,8.081,8.026,8.185,8.245,8.0
2012-08-31,8.389241684359813,-0.2144178225183002,-1.3090530590037175,7.8928478766174415,0.002152123382558102,8.039828857907889,-0.035828857907889144,8.163110157300153,0.06788984269984688,8.275213108174507,-0.034213108174506957,7.895,8.004,8.231,8.241,8.0
2012-09-30,8.245615523776245,-0.4133749052970219,-0.4485906250788821,7.887980876163454,0.0020191238365461217,8.042614662441894,-0.03361466244189337,8.117305696613164,0.06369430338683557,8.18109876478147,-0.032098764781471445,7.89,8.009,8.181,8.149,8.0
2012-10-31,8.35269983389966,-0.08492734789562877,-1.3971074382295958,7.902315894276778,0.0016841057232221956,8.015037232971018,-0.0280372329710179,8.132874015883093,0.05312598411690672,8.241772856869103,-0.026772856869103023,7.904,7.987,8.186,8.215,8.0
2012-11-30,8.2953145585135,0.35592499236146735,-1.6077251995152877,8.027325459357758,0.0016745406422415954,8.017877992134766,-0.027877992134765606,8.110175751298511,0.05282424870148894,8.201620797208967,-0.026620797208966707,8.029,7.99,8.163,8.175,8.0
2012-12-31,8.124193863245745,0.24367990598306918,-1.085084396262237,7.945231502835619,0.0007684971643806549,7.9377940507167235,-0.012794050716723682,7.999757360368974,0.024242639631025575,8.061217086078676,-0.012217086078676331,7.946,7.925,8.024,8.049,8.0
2013-01-31,8.003695738232222,0.0953698308791892,-0.7853482427901118,7.829480551310053,0.0025194486899469126,7.848944142166755,-0.041944142166754794,7.901522690921336,0.0794773090786638,7.952052615601853,-0.04005261560185325,7.832,7.807,7.981,7.912,7.75
2013-02-28,7.9110796027182095,-0.047720558938860604,-0.12940257506064382,7.847375689211545,0.0016243107884550412,7.870041758344099,-0.027041758344099165,7.884760277957285,0.05123972204271521,7.897822274487065,-0.025822274487064867,7.849,7.843,7.936,7.872,7.75
2013-03-31,8.051663268557636,0.5204846210060725,-1.430959359866689,7.9255206876007485,0.0014793123992511426,7.854627804420398,-0.02462780442039758,7.917334326970684,0.04666567302931668,7.983517181008166,-0.0235171810081658,7.927,7.83,7.964,7.96,7.5
2013-04-30,7.857256587397083,0.735834055500909,-2.6117094786057664,7.508889904738465,-0.0008899047384653969,7.44518473862392,0.014815261376080358,7.580072504207779,-0.028072504207779403,7.716852852429833,0.014147147570167107,7.508,7.46,7.552,7.731,7.5
2013-05-31,7.4808873096307895,-0.18027132767532142,-0.4257090432745645,7.258469838027683,-0.00046983802768263416,7.34017806931051,0.007821930689489776,7.390821283041837,-0.014821283041836608,7.435530809619972,0.00746919038002769,7.258,7.348,7.376,7.443,7.25
2013-06-30,7.395008923294923,-0.7267492103325427,1.7719731047198148,7.505846163309494,0.0021538366905060613,7.618857381303711,-0.03585738130371041,7.54905611011672,0.0679438898832796,7.47324034527007,-0.034240345270069916,7.508,7.583,7.617,7.439,7.25
2013-07-31,7.943878839366673,-0.5863042517162761,5.194226153356981,9.120654754373579,0.0073452456264213595,8.978284699836907,-0.12228469983690715,8.626290436221327,0.2317095637786739,8.288770109568189,-0.11677010956818812,9.128,8.856,8.858,8.172,7.25
2013-08-31,8.454578051773638,2.3776020910802353,1.571679162595059,10.22030177623863,0.009698223761370528,9.393457416392518,-0.1614574163925191,9.043064526706628,0.30593547329337234,8.750176280662226,-0.15417628066222555,10.23,9.232,9.349,8.596,7.25
2013-09-30,8.880362709850095,1.857169573659426,-2.7353812844219547,9.114940781212129,0.0030592187878717425,8.71493031196455,-0.050930311964549446,8.7524953646355,0.09650463536450005,8.814633542187813,-0.04863354218781346,9.118,8.664,8.849,8.766,7.5
2013-10-31,8.857154195183776,2.819123720368244,-5.441873328632695,8.840744787382645,0.0022552126173547293,8.313545102234482,-0.03754510223448193,8.471858154189524,0.07114184581047489,8.660851956193346,-0.03585195619334591,8.843,8.276,8.543,8.625,7.75
2013-11-30,9.342036341404974,3.301503216106377,-7.586176830908225,8.97242515799438,-0.001425157994379589,8.43027376585785,0.023726234142150915,8.71095734438175,-0.04495734438174992,9.021343731765997,0.022656268234003463,8.971,8.454,8.666,9.044,7.75
2013-12-31,9.082585691342546,2.068564110904838,-4.333713871240572,8.972146971170275,0.005853028829724494,8.606442061161985,-0.09744206116198484,8.7493631851274,0.18463681487259898,8.913047782540337,-0.09304778254033685,8.978,8.509,8.934,8.82,7.75
2014-01-31,8.830121851328517,0.08857942749698289,-0.19483598816643674,8.822718392685998,0.0032816073140029545,8.80763266795745,-0.054632667957449144,8.814480003815927,0.10351999618407248,8.822168935540605,-0.05216893554060498,8.826,8.753,8.918,8.77,8.0
2014-02-28,8.897731476227134,0.22830678432835275,-0.20445602586141237,8.96464004972656,0.002359950273440603,8.907288789714455,-0.03928878971445471,8.901554150778715,0.07444584922128605,8.899517009780268,-0.037517009780268396,8.967,8.868,8.976,8.862,8.0
2014-03-31,8.847819429330697,-1.114144507545254,0.900621126375219,8.493249022267175,0.001750977732823955,8.779150527752119,-0.029150527752118904,8.81476450383106,0.055235496168938525,8.831835946149644,-0.027835946149643576,8.495,8.75,8.87,8.804,8.0
2014-04-30,8.941231536193087,-0.009234685172876329,-1.2203343948938574,8.583666374181723,0.0013336258182778948,8.662202393381719,-0.022202393381718366,8.758930085348528,0.04206991465147247,8.849201147088039,-0.021201147088039107,8.585,8.64,8.801,8.828,8.0
2014-05-31,8.730226132112357,-0.3862752680752995,-0.7925763392299123,8.288189261903042,-0.0001892619030421372,8.455849140766503,0.0031508592334965613,8.554970364399594,-0.00597036439959453,8.641991232930858,0.003008767069141882,8.288,8.459,8.549,8.645,8.0
2014-06-30,8.952362552124384,0.13180901231357656,-2.561198839727986,8.285331258624604,0.001668741375397076,8.403781445110697,-0.02778144511069769,8.59235869216404,0.052641307835958884,8.77052860410064,-0.026528604100640507,8.287,8.376,8.645,8.744,8.0
2014-07-31,8.76784296240936,-0.5837436598623156,-0.8045468115617718,8.21340108129952,-0.003401081299518438,8.442378312042091,0.05662168795790912,8.561288864711907,-0.10728886471190613,8.663931741946467,0.054068258053533214,8.21,8.499,8.454,8.718,8.0
2014-08-31,8.662269761779243,0.7978736061037259,-1.6240651829565984,8.633393751191472,0.002606248808527667,8.489389202956582,-0.04338920295658255,8.540784536387763,0.0822154636122363,8.600432509464175,-0.04143250946417609,8.636,8.446,8.623,8.559,8.0
2014-09-30,8.617595212037456,1.3179848845281084,-2.2404741343776644,8.697637903834634,0.0023620961653652017,8.432324514830103,-0.039324514830102686,8.482486457510678,0.0745135424893224,8.548551123824575,-0.03755112382457604,8.7,8.393,8.557,8.511,8.0
2014-10-31,8.31404194848322,0.5697291995650559,-0.9379450037986464,8.357466405321713,0.0005335946782878409,8.240883360528352,-0.008883360528352924,8.260167480513429,0.016832519486570163,8.286482753636498,-0.008482753636497975,8.358,8.232,8.277,8.278,8.0
2014-11-30,8.04544387945528,0.11485714727485159,0.47101134966727803,8.244855639701097,0.00014436029890241286,8.180403330905019,-0.0024033309050182083,8.132446079874576,0.004553920125424327,8.089294949519294,-0.0022949495192943203,8.245,8.178,8.137,8.087,8.0
2014-12-31,7.831635270684625,0.25745520932897237,0.4380293279867557,8.100195231990101,0.0018047680098991492,7.99404603597895,-0.03004603597894917,7.935067661782331,0.05693233821766874,7.8836910702486165,-0.028691070248616057,8.102,7.964,7.992,7.855,8.0
2015-01-31,7.684788750210521,1.4220009209614555,-1.4295946492264562,8.056426320784315,-0.0004263207843155925,7.708902550602681,0.0070974493973192665,7.685448509142905,-0.013448509142905074,7.684222619470097,0.006777380529903176,8.056,7.716,7.672,7.691,7.75
2015-02-28,7.699262409736166,0.1943560738712306,0.23216046772123186,7.873547945224722,0.00045205477527776594,7.79952587255975,-0.007525872559750013,7.76273969883232,0.01426030116768029,7.7311864833832065,-0.007186483383206266,7.874,7.792,7.777,7.724,7.75
2015-03-31,7.705746656376602,-0.03758793125534799,0.38903599608374645,7.797374170995405,-0.0003741709954052652,7.78477074774785,0.006229252252150097,7.757803417139984,-0.011803417139983452,7.732051664116758,0.005948335883242173,7.797,7.791,7.746,7.738,7.5
2015-04-30,7.862885936448191,-0.031839475187872196,0.07034486772600555,7.865637177478143,0.0003628225218568204,7.871040321241224,-0.006040321241223445,7.868554576314505,0.011445423685494838,7.8657679249661285,-0.005767924966128213,7.866,7.865,7.88,7.86,7.5
2015-05-31,7.840793477046386,-0.24459059459245744,0.07386251499860445,7.727181343150881,0.0008186568491188595,7.797629116323052,-0.013629116323052415,7.815175047229008,0.02582495277099195,7.828014493297061,-0.01301449329706017,7.728,7.784,7.841,7.815,7.5
2015-06-30,7.907206951408215,-1.1332790831234194,1.3540850373196776,7.673053940824398,0.003946059175601313,7.9366945575912515,-0.06569455759125109,7.938519526953055,0.12448047304694576,7.923731974631293,-0.06273197463129332,7.677,7.871,8.063,7.861,7.25
2015-07-31,7.780178800387448,-1.526233001899954,2.2371372285522093,7.584277330769633,0.0017226692303671243,7.913679243754026,-0.028679243754026196,7.883657510149588,0.0543424898504119,7.833385915326749,-0.027385915326749277,7.586,7.885,7.938,7.806,7.25
2015-08-31,7.783429326872541,-1.8753652125203264,2.3203585634301698,7.418940975331237,0.0020590246687630653,7.850278937204009,-0.0342789372040091,7.847047004270106,0.06495299572989399,7.8167330831946416,-0.03273308319464174,7.421,7.816,7.912,7.784,7.25
2015-09-30,7.571703432256607,-1.434383766346072,1.3980198053223005,7.184114190749933,0.0018858092500666501,7.537395222137249,-0.03139522213724888,7.5645111740401,0.05948882595989957,7.568979413072721,-0.029979413072720895,7.186,7.506,7.624,7.539,6.75
2015-10-31,7.751527935829898,-1.042941573624709,0.06738587225652183,7.195577698837066,0.002422301162934737,7.511326816241242,-0.040326816241242014,7.605587259793713,0.07641274020628774,7.678508225127972,-0.03850822512797247,7.198,7.471,7.682,7.64,6.75
2015-11-30,7.981653829399081,-0.8706192756672219,-0.8943363261379745,7.243002506131101,0.003997493868898694,7.56555084972233,-0.06655084972233016,7.718896993010341,0.12610300698965915,7.8495496511362175,-0.06354965113621791,7.247,7.499,7.845,7.786,6.75
2015-12-31,7.828243916942145,-1.16023320216599,0.38129812546342823,7.2982488937677745,0.000751106232225851,7.630504523990632,-0.012504523990632066,7.7113059662983625,0.023694033701637807,7.769940615943218,-0.011940615943218269,7.299,7.618,7.735,7.758,6.75
2016-01-31,7.933980681026402,-0.4203670377620289,-1.6686870905094013,7.220086857447345,-8.685744734560075e-05,7.452553984792699,0.0014460152073008103,7.6237399629990374,-0.0027399629990370045,7.7776191947609234,0.0013808052390764658,7.22,7.454,7.621,7.779,6.75
2016-02-29,7.674628861579855,-1.4266208514206151,1.2875219770732922,7.259407408995179,0.00259259100482101,7.6171618258869085,-0.043161825886908645,7.652215378853729,0.08178462114627116,7.664215386264181,-0.041215386264180864,7.262,7.574,7.734,7.623,6.75
2016-03-31,7.528238240312573,-0.7357641112471303,0.26166042575068166,7.197876911713832,0.002123088286167807,7.407345477470112,-0.03534547747011185,7.457026084399178,0.06697391560082178,7.492751526416874,-0.03375152641687418,7.2,7.372,7.524,7.459,6.75
2016-04-30,7.541053006405578,-1.0103490108574693,0.04927532157063804,6.997853903795238,0.002146096204762138,7.304728516589883,-0.03572851658988263,7.397300287733934,0.06769971226606586,7.469117291880944,-0.03411729188094448,7.0,7.269,7.465,7.435,6.5
2016-05-31,7.616800935378334,-0.5426175917737479,-1.0357863884707115,7.018260075577792,0.001739924422207828,7.24896651065591,-0.02896651065591005,7.382113186218528,0.0548868137814722,7.498660227547763,-0.027660227547762872,7.02,7.22,7.437,7.471,6.5
2016-06-30,7.631791409149221,-0.3149312949670191,-1.7037441575868415,6.965943196737804,0.0020568032621959276,7.168241954909759,-0.03424195490975901,7.332117079686571,0.0648829203134289,7.480697768665864,-0.03269776866586316,6.968,7.134,7.397,7.448,6.5
2016-07-31,7.294459778126532,0.08042676152075953,-1.793563729388245,6.820796469319763,0.0002035306802365966,6.907388407877146,-0.0033884078771464488,7.040579519660553,0.006420480339446755,7.1662356031425345,-0.003235603142534238,6.821,6.904,7.047,7.163,6.5
2016-08-31,7.231730553057916,-0.0040552786901642286,-1.5266501166193855,6.788549559409221,0.00045044059077881116,6.884498999385253,-0.00749899938525278,7.004790619115457,0.01420938088454271,7.117160822090056,-0.007160822090055419,6.789,6.877,7.019,7.11,6.5
2016-09-30,7.08272911840814,-0.05448337227578644,-1.462357091069156,6.630295665660898,0.0007043343391019974,6.737725858823806,-0.011725858823806057,6.857781409803365,0.02221859019663519,6.969197065711926,-0.011197065711925802,6.631,6.726,6.88,6.958,6.5
2016-10-31,7.037805533961808,0.7287527542769658,-2.8715683731725448,6.610476686462844,-0.00047668646284382277,6.565064055582323,0.007935944417677199,6.721037320463183,-0.015037320463182624,6.877421937491648,0.007578062508351913,6.61,6.573,6.706,6.885,6.25
2016-11-30,6.368644152896409,0.28227054414891484,-1.6918070814719308,6.035732867407947,0.001267132592053244,6.054095404640381,-0.02109540464038062,6.160027648483605,0.03997235151639522,6.263144079468061,-0.020144079468060738,6.037,6.033,6.2,6.243,6.25
2016-12-31,6.58415803766332,-0.7078613472024322,0.44688489881365123,6.322689802537345,0.00331019746265504,6.51210864084181,-0.05510864084181044,6.544578112822597,0.10442188717740297,6.564623443798241,-0.052623443798241354,6.326,6.457,6.649,6.512,6.25
2017-01-31,6.476436348639261,-0.6617856815920307,0.488634095620536,6.252447506561855,0.0035524934381454543,6.425142418899311,-0.059142418899311267,6.4499347612395335,0.11206523876046681,6.463475313299301,-0.056475313299301,6.256,6.366,6.562,6.407,6.25
2017-02-28,7.0854173158532365,-0.9890320677770774,-0.7618778373158908,6.319693196263338,0.005306803736662147,6.670348427681798,-0.08834842768179829,6.824594137565992,0.16740586243400823,6.954364238488871,-0.0843642384888712,6.325,6.582,6.992,6.87,6.25
2017-03-31,6.763428624553306,-1.6076904182703526,1.2383583395554,6.234107213880236,0.004892786119763848,6.6504558031754435,-0.08145580317544354,6.706654536943734,0.1543454630562655,6.735782446000581,-0.07778244600058049,6.239,6.569,6.861,6.658,6.25
2017-04-30,7.084710139345376,-1.5987812628136104,0.6749279091762086,6.39756802716953,0.0034319728304694763,6.846135974583636,-0.05713597458363662,6.945736646003132,0.10826335399686826,7.015559352243696,-0.05455935224369579,6.401,6.789,7.054,6.961,6.25
2017-05-31,6.763025524912414,-0.7092470476385714,0.5253235016403031,6.5234482551530455,0.005551744846954421,6.7084262423217575,-0.09242624232175789,6.734867343840724,0.17513265615927587,6.749258158684463,-0.08825815868446352,6.529,6.616,6.91,6.661,6.25
2017-06-30,6.581675831400522,-0.7529031681684784,0.8203891183557747,6.40323658342594,0.004763416574060209,6.583302040473855,-0.07930204047385558,6.590735566023689,0.15026443397631084,6.586725810076513,-0.0757258100765128,6.408,6.504,6.741,6.511,6.25
2017-07-31,6.491431098877423,-0.7876394639406868,0.831822663459477,6.297129447784093,0.0018705522159070398,6.487141220850193,-0.03114122085019222,6.496992465056078,0.0590075349439223,6.494736866309636,-0.029736866309636234,6.299,6.456,6.556,6.465,6.25
2017-08-31,6.590488742090012,-0.3232377299807411,-0.41816962338168945,6.291371240565925,0.0006287594340745883,6.416467676994802,-0.010467676994802666,6.480165459182733,0.019834540817266877,6.534995623256529,-0.00999562325652903,6.292,6.406,6.5,6.525,6.0
2017-09-30,6.77949437502237,-1.4905317262464084,0.3153041079717476,6.048205427912869,0.0017945720871308524,6.4858762927983085,-0.029876292798308057,6.60338929742762,0.05661070257237988,6.691528981861204,-0.02852898186120356,6.05,6.456,6.66,6.663,6.0
2017-10-31,7.047014506208012,-0.5493871090877807,-1.6827650821512126,6.257871369462644,0.0011286305373561234,6.530789602622773,-0.01878960262277385,6.715396767272565,0.035603232727435596,6.879942260642013,-0.017942260642012542,6.259,6.512,6.751,6.862,6.0
2017-11-30,7.259837782344579,-0.6402719893168095,-1.932511995431192,6.348416891135412,0.0005831088645882332,6.664707679784265,-0.009707679784265011,6.877605529954971,0.018394470045028477,7.067269899125348,-0.009269899125348147,6.349,6.655,6.896,7.058,6.0
2017-12-31,7.487984206947734,-0.9173071192076651,-1.3175643527696763,6.601332894657079,-0.0003328946570793079,6.964457922132335,0.005542077867664474,7.155501333747033,-0.010501333747033215,7.320707849463541,0.005292150536458706,6.601,6.97,7.145,7.326,6.0
2018-01-31,7.608200785947472,-1.290142830420388,-0.8535024859520883,6.649883343472683,0.0011166565273166285,7.098590257590857,-0.01859025759085675,7.288774493598495,0.035225506401505235,7.447751905337958,-0.017751905337958007,6.651,7.08,7.324,7.43,6.0
2018-02-28,7.969889744319382,-1.3385614301793725,-2.0045572607621955,6.652398618934809,-0.0003986189348088587,7.187363734955616,0.006636265044384082,7.472574640004875,-0.012574640004874738,7.719663006104692,0.006336993895308396,6.652,7.194,7.46,7.726,6.0
2018-03-31,7.553712664758297,-1.7534636796148733,-0.08458167070897374,6.561859151289772,0.001140848710227793,7.104993012512398,-0.018993012512397378,7.27901133870419,0.03598866129581069,7.416136497493641,-0.0181364974936411,6.563,7.086,7.315,7.398,6.0
2018-04-30,7.863872931772054,-3.0991476919292955,2.181964490158474,6.78422492531958,0.0017750746804194861,7.599551697182498,-0.02955169718249806,7.7240043531839335,0.055995646816066724,7.795219024313989,-0.02821902431398904,6.786,7.57,7.78,7.767,6.0
2018-05-31,7.888133749810006,-2.471092278473482,1.883726861477621,7.068857237377757,0.0011427626222433318,7.710024875593362,-0.01902487559336219,7.797950963362043,0.03604903663795689,7.844166923666828,-0.01816692366682826,7.07,7.691,7.834,7.826,6.0
2018-06-30,7.980822826341637,-2.975570506905434,2.347143188508999,7.0170637167333085,0.0019362832666915963,7.784235520785617,-0.03223552078561731,7.883918945138873,0.061081054861126916,7.93378181734219,-0.030781817342190543,7.019,7.752,7.945,7.903,6.25
2018-07-31,7.860132773143782,-1.8427774465546256,1.388911614570876,7.244593206320797,0.0034067936792032683,7.723716788471812,-0.05671678847181205,7.790530935323399,0.107469064676601,7.826159069883986,-0.054159069883986,7.248,7.667,7.898,7.772,6.25
2018-08-31,8.050270528152346,-1.834003250864973,1.038973165068753,7.338498864061407,0.0025011359385933574,7.83663926886281,-0.04163926886281022,7.930100376113012,0.07889962388698812,7.990761490962766,-0.03976149096276593,7.341,7.795,8.009,7.951,6.5
2018-09-30,8.072588525048129,-0.8664364766324965,0.5432538670016618,7.75146530019605,0.001534699803950268,7.983549901856269,-0.025549901856268598,8.023587102707042,0.04841289729295717,8.04839769524063,-0.024397695240631734,7.753,7.958,8.072,8.024,6.5
2018-10-31,7.969807985057948,-0.465024601232856,-0.8019447108513832,7.481617535283689,0.0013824647163103165,7.674015470341873,-0.023015470341873012,7.781389437107098,0.043610562892902216,7.87497755726733,-0.02197755726733064,7.483,7.651,7.825,7.853,6.5
2018-11-30,7.691571371093887,-0.7003724466734282,-0.4537150973230983,7.174113886175687,-0.00011388617568641735,7.417104006657115,0.0018959933428845943,7.519592598182706,-0.003592598182706297,7.60518950898449,0.0018104910155098963,7.174,7.419,7.516,7.607,6.5
2018-12-31,7.494795356770285,-0.7326607036446763,-0.9571850421028181,6.814106105998098,-0.00010610599809801613,7.098233532166455,0.001766467833544283,7.243347168465761,-0.003347168465761108,7.36831319336968,0.00168680663032017,6.814,7.1,7.24,7.37,6.5
2019-01-31,7.72624371263605,-0.11234520494938507,-3.2126305552953847,6.736353714804647,-0.00035371480464707616,6.970111305337555,0.005888694662444571,7.2331581160462415,-0.011158116046241062,7.477376863811546,0.005623136188453337,6.736,6.976,7.222,7.483,6.5
2019-02-28,7.96388689697687,0.6645033207247022,-6.105124871652063,6.567159468376656,-0.0021594683766554823,6.742048861579643,0.0359511384203568,7.158121544329235,-0.06812154432923556,7.556670125714461,0.034329874285539574,6.565,6.778,7.09,7.591,6.25
2019-03-31,7.662044962127653,0.34954979972952915,-4.920726797798244,6.433641554936227,-0.0016415549362269743,6.631671158617145,0.02732884138285474,6.984783697583124,-0.051783697583124066,7.3199035888635,0.026096411136499853,6.432,6.659,6.933,7.346,6.25
2019-04-30,7.618706952375714,-1.472175599514291,-0.8428907170411059,6.563023112174178,0.0019768878258226152,7.066911511294017,-0.03291151129401726,7.273638053367224,0.06236194663277672,7.445427323164572,-0.03142732316457231,6.565,7.034,7.336,7.414,6.0
2019-05-31,7.192908262521901,-1.0972712715029327,-1.1428650819353487,6.2574253811490665,-0.0004253811490668724,6.664918193784686,0.007081806215313513,6.859418867864122,-0.013418867864121609,7.025237557202122,0.0067624427978776325,6.257,6.672,6.846,7.032,6.0
2019-06-30,7.030965722029498,-1.112921166249267,-0.7912486850991488,6.188406109411062,0.0005938905889379953,6.5788871754734535,-0.009887175473453524,6.747265414896443,0.018734585103556967,6.8884413002190374,-0.009441300219037885,6.189,6.569,6.766,6.879,5.75
2019-07-31,6.438966631393559,-1.0418086837067617,0.11353061318043858,5.89696945767387,3.054232613042274e-05,6.209508473014081,-0.0005084730140811899,6.300036526561023,0.0009634734389774025,6.369485542751023,-0.00048554275102308253,5.897,6.209,6.301,6.369,5.75
2019-08-31,6.809234848064168,-0.46149478884784284,-2.7232317568568027,5.768064954005784,0.0009350459942165656,6.078566779458649,-0.015566779458649371,6.336503491584689,0.029496508415310707,6.570864774950871,-0.014864774950870796,5.769,6.063,6.366,6.556,5.4
2019-09-30,6.984397026359474,-0.6223100152441102,-3.043306820647378,5.762054360468389,0.0009456395316105315,6.141743142184432,-0.015743142184431846,6.440169312980887,0.029830687019113178,6.710033184366282,-0.015033184366282093,5.763,6.126,6.47,6.695,5.4
2019-10-31,6.979546160174934,-0.6734143212151077,-3.9075157221751833,5.479397978878378,-0.0003979788783778915,5.92837439070669,0.006625609293309687,6.299554449094351,-0.012554449094350772,6.636673181320578,0.006326818679421642,5.479,5.935,6.287,6.643,5.15
2019-11-30,6.664826863316298,-2.088244679954296,-0.6634536899969189,5.32107137197449,-7.137197449047505e-05,6.002811789159744,0.0011882108402554437,6.254251465766688,-0.002251465766688554,6.458865373099074,0.00113462690092625,5.321,6.004,6.252,6.46,5.15
2019-12-31,6.622721992942842,-3.0041914050521177,2.0664269273295055,5.562092608083248,-9.260808324729197e-05,6.35545824738356,0.001541752616439851,6.479921369776314,-0.0029213697763132984,6.55252777475687,0.0014722252431305094,5.562,6.357,6.477,6.554,5.15
2020-01-31,6.756879745927462,-2.5605143575016656,0.31660413602678944,5.435633798534662,-0.0006337985346620556,6.2014484313377105,0.010551568662289235,6.42099350184594,-0.019993501845940287,6.5889242682816835,0.01007573171831666,5.435,6.212,6.401,6.599,5.15
2020-02-29,6.668040372723656,-0.29207695781841075,-4.388530676521175,5.239352292216491,-0.0033522922164914704,5.6011905596751275,0.05580944032487256,5.973749787910141,-0.105749787910141,6.3177073601982405,0.05329263980175991,5.236,5.657,5.868,6.371,5.15
2020-03-31,6.430206174096354,-0.516628709288839,-4.3064782697835655,4.9013273146861165,-0.004327314686116246,5.326958246135654,0.07204175386434564,5.714507374872092,-0.13650737487209152,6.069207064306134,0.06879293569386569,4.897,5.399,5.578,6.138,4.4
2020-04-30,6.692182828963592,-0.4884963394115585,-8.598483355308296,3.9391618452839103,-0.006161845283910505,4.622416718336217,0.10258328166378305,5.34437858928387,-0.19437858928387008,6.012042847095996,0.0979571529040042,3.933,4.725,5.15,6.11,4.4
2020-05-31,6.734073939051484,-1.7252245621717248,-7.496331199064706,3.6170588426237655,0.0019411573762346812,4.611316665658512,-0.0323166656585121,5.364765188837996,0.06123481116200402,6.0438593028797225,-0.030859302879722605,3.619,4.579,5.426,6.013,4.0
2020-06-30,6.651731781888014,-0.4320394130297478,-9.291349825597905,3.7297381092650412,0.002261890734958971,4.4386562804915615,-0.03765628049156167,5.209647489523513,0.07135251047648694,5.923958120719883,-0.03595812071988291,3.732,4.401,5.281,5.888,4.0
2020-07-31,6.487228259474244,-0.41687559321167117,-8.980639200100574,3.6633435987476135,-0.0033435987476133633,4.348335289788436,0.055664710211563495,5.093475547948267,-0.10547554794826652,5.7838455635156745,0.053154436484325274,3.66,4.404,4.988,5.837,4.0
2020-08-31,6.54825080515889,-3.2462762676705115,-3.510627992936816,3.7432326216730223,-0.0022326216730221837,4.956830995038034,0.03716900496196551,5.542429202813685,-0.07042920281368481,6.042507180475254,0.035492819524746366,3.741,4.994,5.472,6.078,4.0
2020-09-30,6.475486464571004,-3.134062904891065,-3.585780908948736,3.710672334306844,-0.002672334306843993,4.8945105962146185,0.044489403785381576,5.475300164760043,-0.08430016476004276,5.972516904718489,0.04248309528151051,3.708,4.939,5.391,6.015,4.0
2020-10-31,6.433714804892169,-2.506487185381744,-5.453443054916601,3.4757093368691363,-0.002709336869136436,4.582894572264802,0.04510542773519788,5.250467429682631,-0.08546742968263121,5.837928661183423,0.043071338816576876,3.473,4.628,5.165,5.881,4.0
2020-11-30,6.586393898017359,-1.8284169594725819,-7.77236673919511,3.332717758867243,-0.002717758867242903,4.375754361635685,0.04524563836431561,5.160733105959009,-0.08573310595900896,5.867794773538062,0.043205226461937585,3.33,4.421,5.075,5.911,4.0
2020-12-31,6.601863717127825,-0.0329427694521541,-9.76381488373723,3.7635977966470087,-0.0015977966470086535,4.3793996528751435,0.02660034712485615,5.149403319768395,-0.05040331976839507,5.868599230709453,0.02540076929054713,3.762,4.406,5.099,5.894,4.0
2021-01-31,6.530088965221598,-1.1562148366686718,-6.879116707843343,3.905279372449593,-0.0012793724495931968,4.6867008244604165,0.021299175539583715,5.337358464139046,-0.040358464139046646,5.928661338950939,0.02033866104906057,3.904,4.708,5.297,5.949,4.0
2021-02-28,6.827484625532158,-2.1958854529486955,-5.356273593629829,4.068910365868614,0.0020896341313854094,5.074788527916036,-0.03478852791603604,5.7050814129758,0.06591858702419984,6.262219693239541,-0.033219693239541215,4.071,5.04,5.771,6.229,4.0
2021-03-31,6.8085293995874565,-2.259849183054157,-5.671502836980207,3.923617049194892,0.002382950805108308,4.968671705855608,-0.039671705855607975,5.629828587137897,0.07517141286210283,6.214882657811605,-0.037882657811605824,3.926,4.929,5.705,6.177,4.0
2021-04-30,6.62743141154373,-1.831452915861934,-6.223830110979192,3.819345377896438,-0.00034537789643795946,4.76725009937794,0.0057499006220593785,5.430895123974502,-0.010895123974502319,6.024509398751117,0.005490601248883564,3.819,4.773,5.42,6.03,4.0
2021-05-31,6.7179877423972325,-1.961096800620074,-6.491658714187661,3.761017226396591,0.00398277360340904,4.765305784636891,-0.0663057846368913,5.462361351381589,0.1256386486184109,6.085315637584922,-0.06331563758492198,3.765,4.699,5.588,6.022,4.0
2021-06-30,6.675878618541132,-1.7325102775837462,-5.659095504762677,4.085494132662959,0.0045058673370412805,4.968014323936643,-0.0750143239366432,5.577860089613064,0.14213991038693585,6.122631453787335,-0.07163145378733482,4.09,4.893,5.72,6.051,4.0
2021-07-31,7.072817382409605,-0.1878187643030647,-10.158653678142064,4.035061422388873,0.005938577611127371,4.722866289511462,-0.09886628951146204,5.538664504670901,0.18733549532909866,6.298407783428761,-0.09440778342876133,4.041,4.624,5.726,6.204,4.0
2021-08-31,6.911908831256775,-1.8796070747856388,-7.02079570514804,3.8470668817172475,0.001933118282752666,4.859182829680356,-0.03218282968035613,5.590018786190389,0.06098121380961086,6.245731502412008,-0.030731502412008282,3.849,4.827,5.651,6.215,4.0
2021-09-30,6.858878084387715,-1.6780656707359975,-6.606110973167215,4.025004605309739,0.0009953946902605537,4.949571473182589,-0.016571473182589003,5.628599760825119,0.03140023917488133,6.238824160682555,-0.015824160682555544,4.026,4.933,5.66,6.223,4.0
2021-10-31,7.013465984264529,-2.221707081059101,-5.824050124901561,4.105537095305686,0.0014629046943142043,5.148354646601585,-0.024354646601585372,5.817851916490251,0.04614808350974897,6.4112563416024635,-0.023256341602463593,4.107,5.124,5.864,6.388,4.0
2021-11-30,6.912585898547798,-1.2724398012269016,-6.753653554007578,4.259890112729455,-0.0008901127294542732,5.069181275960154,0.014818724039845854,5.721079065390914,-0.028079065390913982,6.311849545919471,0.014150454080528618,4.259,5.084,5.693,6.326,4.0
2021-12-31,6.992777202095236,-1.8490076509239768,-5.5557357830567,4.367972076888447,-0.0009720768884466935,5.279816724917292,0.016183275082708448,5.892664667083664,-0.030664667083663666,6.438546531110595,0.015453468889404576,4.367,5.296,5.862,6.454,4.0
2022-01-31,7.361248872210478,-1.0392221126072407,-7.970307115478455,4.485817264866238,0.00018273513376154682,5.299042200644816,-0.0030422006448160843,6.024235525905707,0.005764474094292815,6.686905008583227,-0.0029050085832267314,4.486,5.296,6.03,6.684,4.0
2022-02-28,7.268907786523933,-2.8111365798763366,-4.630016935214285,4.38065152223456,-0.0036515222345601117,5.530208935533055,0.0607910644669456,6.162189153247002,-0.11518915324700263,6.711950388985381,0.05804961101461892,4.377,5.591,6.047,6.77,4.0
2022-03-31,7.3228787933407755,-3.369717661449606,-3.9417364550864016,4.325237919545124,-0.0042379195451243135,5.603446509229737,0.07055349077026296,6.234687359017467,-0.13368735901746742,6.775628212207664,0.06737178779233588,4.321,5.674,6.101,6.843,4.0
2022-04-30,7.539806211175092,-4.268782561794788,-1.2800354264473996,4.81491314389795,-0.0009131438979501638,6.203797849772732,0.01520215022726834,6.71180559548624,-0.028805595486240065,7.1244834108430775,0.014516589156922777,4.814,6.219,6.683,7.139,4.0
2022-05-31,7.625257002638386,-3.065560314207868,0.27351164190501254,6.012919870687937,8.01293120629154e-05,6.936334004248716,-0.001334004248715992,7.2074722795005295,0.002527720499470476,7.416273845562813,-0.0012738455628129586,6.013,6.935,7.21,7.415,4.4
2022-06-30,7.677946150381352,-2.367970577120805,-0.5712197266694256,6.2064998616648195,0.0005001383351803668,6.968326374542762,-0.008326374542762416,7.2392228781218355,0.01577712187816438,7.457950885670579,-0.007950885670578778,6.207,6.96,7.255,7.45,4.9
2022-07-31,7.599589969036596,-0.7704234945263291,-2.866707749885821,6.34653715789938,0.0004628421006200867,6.760705461495039,-0.007705461495039145,7.059399407087638,0.014600592912361599,7.327357973517941,-0.0073579735179407635,6.347,6.753,7.074,7.32,4.9
2022-08-31,7.307414134056992,-1.603876484218244,-0.27076798507992067,6.34431475533309,-0.0013147553330901118,6.853111765154902,0.02188823484509772,7.027474635458131,-0.04147463545813146,7.167098844053876,0.02090115594612385,6.343,6.875,6.986,7.188,5.4
2022-09-30,7.467409250891006,-1.860452334736248,0.8974475584274324,6.700168099556831,-0.0001680995568307253,7.215201454533196,0.0027985454668035814,7.322302787267679,-0.005302787267678966,7.395327658642283,0.0026723413577167676,6.7,7.218,7.317,7.398,5.9
2022-10-31,7.460008627998104,-2.0462502961143745,1.6748779519318417,6.81480459527097,-0.0008045952709698767,7.338604982841249,0.01339501715875091,7.402381373031959,-0.02538137303195942,7.4322090488558175,0.012790951144182827,6.814,7.352,7.377,7.445,5.9
2022-11-30,7.368374532392269,-0.7938579443611867,-0.5968792860760436,6.757988852280833,-0.000988852280833008,7.03853744578531,0.016462554214689895,7.161193855493412,-0.031193855493412137,7.264279846440435,0.01572015355956502,6.757,7.055,7.13,7.28,5.9
2022-12-31,7.400325150753243,-1.3170104084683811,0.24830203864897693,6.745419393304215,-0.00041939330421492116,7.134017880282253,0.006982119717746649,7.240229978208287,-0.013229978208286752,7.320332748205239,0.006667251794761242,6.745,7.141,7.227,7.327,6.25
2023-01-31,7.425896211582511,-1.1038485946039651,-0.1563552890589277,6.771718914183131,-0.0007189141831309698,7.120031413847226,0.011968586152773852,7.237678518900603,-0.02267851890060335,7.33157115306903,0.011428846930970238,6.771,7.132,7.215,7.343,6.25
2023-02-28,7.498872758392298,-0.22975940745341109,-0.25435022278849995,7.298645355196854,0.00035464480314661984,7.384904177410322,-0.00590417741032212,7.4268125466714725,0.01118745332852722,7.462637920721341,-0.005637920721341061,7.299,7.379,7.438,7.457,6.5
2023-03-31,7.374400903982702,0.31181531328850853,-1.409150984378577,7.1394298976952975,-0.001429897695297555,7.131194858639111,0.023805141360889515,7.212106860692934,-0.04510686069293435,7.292268382972649,0.02273161702735127,7.138,7.155,7.167,7.315,6.5
2023-04-30,7.186759216894308,0.02570944293753859,-1.0237676013056507,6.905248032502645,-0.00024803250264504584,6.960870719417915,0.004129280582084505,7.038824313292428,-0.00782431329242872,7.11205693478701,0.003943065212989261,6.905,6.965,7.031,7.116,6.5
2023-05-31,7.034945458215346,-0.21407565496946784,-0.49300946222201997,6.774438974996889,-0.00043897499688938524,6.870691881461714,0.007308118538285946,6.929847692808725,-0.013847692808724332,6.982021450732666,0.006978549267333989,6.774,6.878,6.916,6.989,6.5
2023-06-30,7.1334202942535345,-0.6807352916656231,0.34028839946260175,6.856129734264446,-0.0001297342644459576,7.043840165408577,0.0021598345914233263,7.082092534320975,-0.004092534320975005,7.107937566006002,0.002062433993998525,6.856,7.046,7.078,7.11,6.5
2023-07-31,7.194382111191652,-0.8289754598147497,0.5535096107819428,6.896889111958405,0.00011088804159520294,7.116846079977618,-0.001846079977617876,7.152501979504506,0.0034980204954937477,7.173762828559465,-0.0017628285594648574,6.897,7.115,7.156,7.172,6.5
2023-08-31,7.160151968191106,-0.6273948540522616,0.6551671518735539,7.003237166819098,-0.0002371668190974674,7.155051612871787,0.003948387128212438,7.163481549697771,-0.00748154969777115,7.162229670611338,0.0037703293886623968,7.003,7.159,7.156,7.166,6.5
2023-09-30,7.169113133205159,-1.2802751185483252,1.7743539011647078,6.975245842016606,-0.00024584201660626803,7.257907186942781,0.004092813057218869,7.240755213279996,-0.007755213279996731,7.206091757760612,0.0039082422393876826,6.975,7.262,7.233,7.21,6.5
2023-10-31,7.383099798436765,0.16663464646688206,-0.5002383889482287,7.330551460482017,0.000448539517983626,7.3104673500534645,-0.00746735005346455,7.333850589437769,0.014149410562231068,7.358130600026741,-0.007130600026741263,7.331,7.303,7.348,7.351,6.5
2023-11-30,7.297248255180473,-0.10862977139768443,-0.040714479417929654,7.2255552714621345,0.0004447285378654797,7.261403904311392,-0.00740390431139204,7.274970808772153,0.014029191227846738,7.286070015454319,-0.0070700154543192895,7.226,7.254,7.289,7.279,6.5
2023-12-31,7.2039014753946535,0.368784397846408,-1.0249378023415532,7.111334150825082,-0.0013341508250812595,7.06178886622994,0.022211133770059455,7.107086476261984,-0.04208647626198392,7.154790506682989,0.021209493317011052,7.11,7.084,7.065,7.176,6.5
2024-01-31,7.184666617955018,0.5486344191018178,-1.3507617390010078,7.097218432371539,-0.0012184323715391798,7.012715363596571,0.0202846364034297,7.066436077928929,-0.038436077928929,7.124630126102953,0.019369873897047363,7.096,7.033,7.028,7.144,6.5
2024-02-29,7.080837782215629,-0.06438907783961476,-0.027895047426761337,7.0372559901308085,-0.0002559901308085699,7.058738239686002,0.004261760313998053,7.067075340779364,-0.008075340779363671,7.0739304294038226,0.004069570596177741,7.037,7.063,7.059,7.078,6.5
2024-03-31,7.047332767545612,-0.3242041807528748,0.3691424222336458,6.975082040044525,-8.204004452494473e-05,7.05163418560387,0.0013658143961299274,7.053587995541156,-0.002587995541155408,7.050695778810443,0.0013042211895566425,6.975,7.053,7.051,7.052,6.5
2024-04-30,7.1978005029782,-0.5524931593112236,0.573848841273002,7.058723347072475,0.0002766529275248786,7.1926057575092655,-0.004605757509265729,7.200272840635289,0.008727159364710246,7.199398054782969,-0.004398054782968508,7.059,7.188,7.209,7.195,6.5
2024-05-31,6.957230143765519,-0.6443837307166149,1.1655484107483383,6.938356051650259,0.0006439483497411302,7.0637205442354025,-0.010720544235402585,7.033686316999846,0.020313683000154015,6.996237087114482,-0.010237087114481902,6.939,7.053,7.054,6.986,6.5
2024-06-30,7.0308211254283295,-0.1633558707557996,-0.01826187525301873,6.93541957682856,0.0005804231714403585,6.9866629679806085,-0.009662967980608173,7.003690251531219,0.018309748468781528,7.017227203659611,-0.00922720365961105,6.936,6.977,7.022,7.008,6.5
2024-07-31,6.9639616755970835,0.2584828249723622,-0.9242484299498465,6.839620789219953,-0.0006207892199530107,6.817665012269821,0.010334987730179712,6.865583116300004,-0.0195831163000042,6.914131082210217,0.009868917789783715,6.839,6.828,6.846,6.924,6.5
2024-08-31,6.909341409896089,0.21991380832006968,-0.9934729281135922,6.743726996666534,-0.0007269966665335303,6.737896855507486,0.012103144492513707,6.794933485010396,-0.022933485010395493,6.851442662815584,0.011557337184416205,6.743,6.75,6.772,6.863,6.5
2024-09-30,6.779591946387956,0.0038649730032288845,-0.574383535087828,6.6158246664210685,-0.0008246664210682653,6.650270835463562,0.013729164536437466,6.695014527819315,-0.026014527819315347,6.736889970296058,0.013110029703941706,6.615,6.664,6.669,6.75,6.5
2024-10-31,6.878168100892284,-0.35745165599493334,-0.24054499037292562,6.6114775075312195,-0.0004775075312197785,6.736050386318553,0.007949613681446976,6.789063221488817,-0.015063221488817113,6.833408884661406,0.007591115338594356,6.611,6.744,6.774,6.841,6.5
2024-11-30,6.7571093773294875,0.08040591414398944,-0.2971800273348806,6.71563630211624,-0.0006363021162405502,6.709406751353461,0.010593248646538989,6.725072478618843,-0.020072478618843093,6.740884467911447,0.010115532088553536,6.715,6.72,6.705,6.751,6.5
2024-12-31,6.773851728489432,-0.09298469210238614,-0.1739002190764009,6.6723223256151485,-0.00032232561514877744,6.71163387705428,0.005366122945719809,6.734167927865011,-0.01016792786501064,6.75387586946557,0.005124130534430726,6.672,6.717,6.724,6.759,6.5
2025-01-31,6.727632941082397,0.04496207618801016,-0.6192254190787521,6.573588100833059,-0.0005881008330588244,6.598209213210527,0.009790786789472428,6.6425519442666525,-0.018551944266652853,6.68465074168976,0.009349258310240138,6.573,6.608,6.624,6.694,6.5
2025-02-28,6.7874030704624655,0.2157192642864611,-1.163987042441168,6.570224704946872,-0.00022470494687176767,6.576259079903123,0.0037409200968774314,6.647088433507493,-0.007088433507493441,6.716427781642505,0.003572218357494883,6.57,6.58,6.64,6.72,6.25
2025-03-31,6.630156118826258,0.12734566452742396,-1.0702838116801319,6.391284514044303,-0.0012845140443031866,6.418615226456269,0.021384773543731583,6.49052065839743,-0.0405206583974298,6.559579601101995,0.020420398898004954,6.39,6.44,6.45,6.58,6.25
