Date,yield_Y1,exp_rate_Y1,term_prem_Y1,yield_Y3,exp_rate_Y3,term_prem_Y3,yield_Y5,exp_rate_Y5,term_prem_Y5,yield_Y10,exp_rate_Y10,term_prem_Y10
2006-05-31,6.465,6.533109517275509,-0.06810951727550929,6.854,6.533934971806147,0.3200650281938531,7.242,6.534100066057143,0.7078999339428567,7.659,6.534223886745389,1.1247761132546108
2006-06-30,7.043,7.010646875678806,0.03235312432119386,7.335,7.019393091040182,0.31560690895981836,7.691,7.02114236695935,0.6698576330406496,8.151,7.022454323898725,1.1285456761012744
2006-07-31,6.877,7.053599865249036,-0.17659986524903637,7.326,7.05764027009748,0.26835972990252,7.843,7.0584483645125164,0.7845516354874835,8.238,7.059054435323797,1.1789455646762024
2006-08-31,6.819,7.035579974516042,-0.21657997451604238,7.326,7.0374752792395,0.28852472076049995,7.569,7.037854346444501,0.531145653555499,7.891,7.0381386468482505,0.8528613531517495
2006-09-30,6.777,6.995769458063362,-0.21876945806336145,7.246,6.9960580894285425,0.24994191057145798,7.426,6.996115816173652,0.4298841838263483,7.642,6.996159111232483,0.6458408887675171
2006-10-31,7.073,7.371661958546578,-0.2986619585465773,7.277,7.37582786507704,-0.09882786507704022,7.465,7.376661061891406,0.08833893810859372,7.625,7.377285959502178,0.2477140404978222
2006-11-30,6.979,7.2210612767855205,-0.24206127678552036,7.162,7.220352618358664,-0.05835261835866401,7.314,7.220210883704954,0.09378911629504572,7.424,7.220104582714678,0.203895417285322
2006-12-31,7.319,7.359256642177262,-0.04025664217726188,7.423,7.362394235483235,0.06060576451676525,7.53,7.363021766154505,0.16697823384549526,7.619,7.363492414157955,0.2555075858420448
2007-01-31,7.245,7.651020621536351,-0.4060206215363511,7.659,7.658519340638384,0.0004806593616155652,7.637,7.660019110726963,-0.023019110726963277,7.738,7.6611439382933915,0.07685606170660897
2007-02-28,7.651,7.593421609235757,0.05757839076424265,7.882,7.595650478540396,0.2863495214596039,7.945,7.596096261294294,0.34890373870570635,8.0,7.596430598359718,0.403569401640282
2007-03-31,7.694,7.54167418355163,0.15232581644836962,7.987,7.543260995453541,0.4437390045464591,7.96,7.543578363586189,0.41642163641381114,8.022,7.543816389685671,0.4781836103143293
2007-04-30,8.042,7.901210825201162,0.14078917479883746,8.134,7.906378087808572,0.22762191219142824,8.128,7.9074115596571,0.22058844034290015,8.173,7.908186663543493,0.2648133364565073
2007-05-31,7.623,7.61155404419933,0.011445955800669871,7.848,7.607475023288998,0.2405249767110016,7.966,7.606659203706641,0.3593407962933588,8.08,7.606047339019873,0.4739526609801272
2007-06-30,7.538,7.724611784083774,-0.186611784083774,7.841,7.723425827849143,0.11757417215085741,7.927,7.723188632784187,0.2038113672158124,8.187,7.723010736485471,0.4639892635145282
2007-07-31,7.012,7.5645235717116535,-0.5525235717116539,7.386,7.558615293705766,-0.1726152937057659,7.492,7.557433616109345,-0.0654336161093454,7.845,7.556547357912028,0.2884526420879716
2007-08-31,7.183,7.90542734930387,-0.72242734930387,7.763,7.91240335416121,-0.1494033541612101,7.792,7.9137985792251095,-0.12179857922510973,7.93,7.914844998023032,0.015155001976967952
2007-09-30,7.096,7.74975967095675,-0.6537596709567497,7.78,7.750344265783032,0.0296557342169681,7.805,7.750461186433269,0.054538813566730404,7.925,7.750548876920951,0.17445112307904864
2007-10-31,7.255,7.763308592734039,-0.5083085927340392,7.75,7.763090592862091,-0.013090592862091022,7.768,7.763046992454705,0.0049530075452945965,7.839,7.763014292149165,0.07598570785083503
2007-11-30,7.564,7.79579133517993,-0.23179133517993034,7.814,7.796304897980864,0.017695102019136044,7.887,7.796407613110912,0.09059238688908788,7.905,7.796484649458448,0.10851535054155192
2007-12-31,7.732,7.733094371065369,-0.0010943710653688044,7.696,7.7313951432674015,-0.035395143267401785,7.81,7.731055292157977,0.07894470784202223,7.791,7.730800403825912,0.060199596174088654
2008-01-31,7.473,7.685861441420308,-0.2128614414203085,7.515,7.684064420150018,-0.16906442015001844,7.503,7.683705009008891,-0.18070500900889108,7.529,7.683435450653044,-0.1544354506530441
2008-02-29,7.504,7.725079314255623,-0.22107931425562377,7.454,7.723884954055442,-0.269884954055442,7.554,7.7236460778464835,-0.16964607784648322,7.568,7.723466920689767,-0.15546692068976764
2008-03-31,7.564,7.773178500512138,-0.20917850051213804,7.617,7.7735353230819975,-0.15653532308199747,7.771,7.773606689630469,-0.0026066896304692833,7.938,7.773660214541821,0.1643397854581785
2008-04-30,7.767,7.875394035801002,-0.10839403580100182,7.894,7.880352420869124,0.01364757913087633,7.913,7.881344115427767,0.031655884572233006,7.956,7.882087886346753,0.07391211365324768
2008-05-31,7.892,7.781166146344622,0.11083385365537879,7.989,7.7819201040163914,0.20707989598360843,8.049,7.782070898611698,0.2669291013883015,8.101,7.782183994558178,0.318816005441823
2008-06-30,9.225,9.29782815782025,-0.07282815782025054,9.292,9.32799089110011,-0.035990891100111,8.91,9.334023547319704,-0.42402354731970426,8.713,9.338548039484392,-0.6255480394843929
2008-07-31,9.433,9.12680981365991,0.3061901863400891,9.341,9.131728185799275,0.20927181420072394,9.367,9.132711878920365,0.23428812107963637,9.316,9.13344964876118,0.18255035123882024
2008-08-31,9.149,8.979447609168082,0.16955239083191742,9.167,8.980050375878026,0.1869496241219739,8.855,8.980170930128743,-0.1251709301287427,8.7,8.980261345816782,-0.28026134581678264
2008-09-30,8.92,8.779064235098966,0.14093576490103388,8.634,8.769529357083501,-0.13552935708350056,8.558,8.767622348184254,-0.2096223481842543,8.617,8.766192091509819,-0.14919209150981771
2008-10-31,7.52,7.191445314034103,0.328554685965897,7.353,7.162034956321959,0.190965043678041,7.53,7.156152776043248,0.3738472239567523,7.478,7.151741140834215,0.3262588591657849
2008-11-30,7.195,7.174427754943228,0.020572245056772687,6.883,7.1609522290904755,-0.27795222909047546,7.14,7.158257075290673,-0.01825707529067344,7.08,7.1562357099408205,-0.0762357099408204
2008-12-31,4.836,5.568755736044724,-0.7327557360447239,5.308,5.538639541157061,-0.23063954115706142,5.381,5.532616188230273,-0.1516161882302729,5.26,5.5280986735351805,-0.2680986735351807
2009-01-31,4.625,5.151403814890944,-0.5264038148909442,5.575,5.135529665139761,0.4394703348602391,5.982,5.13235477935235,0.8496452206476501,6.187,5.129973615011793,1.0570263849882071
2009-02-28,4.685,5.480827957314779,-0.7958279573147795,5.566,5.478633399364421,0.08736660063557888,5.878,5.4781944813383046,0.39980551866169556,6.328,5.477865292818719,0.8501347071812813
2009-03-31,4.899,4.991298548653724,-0.09229854865372378,6.101,4.99073423978972,1.1102657602102797,6.763,4.990621375352382,1.7723786246476179,7.014,4.990536727024381,2.0234632729756195
2009-04-30,3.957,4.429791438512566,-0.4727914385125658,5.465,4.420469186940284,1.0445308130597155,6.078,4.418604700431534,1.659395299568466,6.242,4.417206335549973,1.824793664450027
2009-05-31,3.983,4.832667535466286,-0.8496675354662862,5.814,4.836390811934166,0.9776091880658342,6.483,4.8371354805431945,1.6458645194568051,6.71,4.837693981999963,1.872306018000037
2009-06-30,4.227,4.755529747905573,-0.5285297479055728,5.865,4.754294616213508,1.1107053837864926,6.71,4.7540475865885305,1.9559524134114694,7.013,4.753862314369796,2.259137685630204
2009-07-31,4.183,4.7388833140492,-0.5558833140492005,5.839,4.738885397065664,1.1001146029343367,6.749,4.7388858132842415,2.010114186715758,6.998,4.738886125448175,2.259113874551825
2009-08-31,4.753,4.984391174155066,-0.23139117415506583,6.444,4.991819478052864,1.4521805219471355,7.172,4.993305166781877,2.178694833218123,7.434,4.994419433328632,2.439580566671368
2009-09-30,4.476,4.817362913249465,-0.34136291324946466,6.607,4.822747816349452,1.7842521836505485,7.164,4.823824814093073,2.3401751859069266,7.215,4.8246325624007875,2.3903674375992123
2009-10-31,4.271,4.70475180807252,-0.43375180807252,6.555,4.704793936387307,1.850206063612693,7.414,4.704802360744352,2.709197639255648,7.306,4.704808679012135,2.6011913209878648
2009-11-30,5.076,4.718395308627637,0.3576046913723623,6.29,4.71069835562795,1.57930164437205,7.051,4.709158942103966,2.3418410578960343,7.257,4.708004381960982,2.548995618039018
2009-12-31,5.288,4.77313629556081,0.5148637044391906,6.436,4.772392629427859,1.6636073705721408,7.266,4.772243895102703,2.4937561048972974,7.679,4.7721323443588375,2.906867655641163
2010-01-31,4.762,4.608196521777043,0.15380347822295626,6.165,4.604818295498666,1.5601817045013338,7.154,4.604142636741047,2.549857363258953,7.591,4.6036358926728305,2.9873641073271697
2010-02-28,5.034,5.035373488479137,-0.0013734884791372082,6.927,5.046335764109307,1.8806642358906922,7.343,5.048528259012833,2.2944717409871673,7.864,5.050172630190477,2.8138273698095233
2010-03-31,5.159,5.0246653778787795,0.13433462212122027,6.751,5.025175277436812,1.7258247225631882,7.306,5.0252772597854705,2.2807227402145296,7.85,5.025353746546968,2.8246462534530314
2010-04-30,4.86,5.202174845156046,-0.34217484515604557,6.554,5.201940618780622,1.3520593812193784,7.433,5.201893772111382,2.231106227888618,8.061,5.201858637109454,2.859141362890546
2010-05-31,5.031,5.335929507617865,-0.3049295076178655,6.566,5.340414345591671,1.225585654408329,7.413,5.341311327503524,2.0716886724964763,7.564,5.341984063937415,2.2220159360625846
2010-06-30,5.324,5.353530740547044,-0.02953074054704441,6.767,5.356306773391275,1.4106932266087258,7.393,5.356861990787298,2.036138009212702,7.561,5.3572784038343135,2.2037215961656864
2010-07-31,6.29,6.107758072384762,0.18224192761523827,7.127,6.118683076128223,1.008316923871777,7.626,6.120868118731164,1.5051318812688361,7.803,6.12250690068337,1.6804930993166298
2010-08-31,6.365,5.760176495331801,0.6048235046681993,7.18,5.759902188495626,1.420097811504374,7.668,5.759847326788454,1.9081526732115464,7.936,5.759806180508074,2.1761938194919264
2010-09-30,6.516,6.130336372551764,0.3856636274482357,7.244,6.135961188581582,1.1080388114184174,7.701,6.137086171686395,1.5639138283136047,7.852,6.137929909015009,1.7140700909849915
2010-10-31,6.906,6.016778614832404,0.8892213851675956,7.284,6.0148425641668695,1.2691574358331303,7.83,6.014455349077035,1.8155446509229654,8.121,6.014164937759656,2.1068350622403447
2010-11-30,7.276,6.4382830721989,0.8377169278010994,7.455,6.4453226770671455,1.0096773229328546,7.916,6.446730623528008,1.469269376471992,8.066,6.447786583373653,1.6182134166263475
2010-12-31,7.49,6.316721862445989,1.1732781375540116,7.529,6.318668887330657,1.2103311126693432,7.853,6.319058299510587,1.5339417004894127,7.913,6.319350358645537,1.593649641354463
2011-01-31,7.555,6.699764615016496,0.8552353849835042,7.891,6.708929944716456,1.1820700552835444,8.12,6.710763043008435,1.4092369569915641,8.148,6.7121378667274145,1.4358621332725852
2011-02-28,7.504,6.524576771968031,0.9794232280319681,7.913,6.526473729897682,1.3865262701023182,8.108,6.5268531273761745,1.581146872623826,7.992,6.527137675485037,1.4648623245149626
2011-03-31,7.529,6.820318107751787,0.7086818922482125,7.885,6.8230732558826,1.0619267441173994,7.995,6.823624295895407,1.1713757041045927,7.985,6.824037575905013,1.1609624240949872
2011-04-30,7.907,6.846878336329671,1.060121663670329,8.088,6.849530777272329,1.2384692227276703,8.239,6.850061275567954,1.3889387244320464,8.135,6.850459149289679,1.2845408507103206
2011-05-31,8.296,7.495222552658373,0.800777447341626,8.3,7.5045394831492835,0.7954605168507172,8.49,7.506402903578339,0.9835970964216614,8.411,7.507800468900132,0.903199531099868
2011-06-30,8.115,7.528504165384921,0.5864958346150795,8.185,7.530816767374909,0.6541832326250914,8.358,7.531279295668365,0.8267207043316356,8.326,7.531626191888455,0.7943738081115459
2011-07-31,8.377,8.225607736469234,0.1513922635307665,8.333,8.23456742280947,0.09843257719053078,8.443,8.23635939286308,0.20664060713692045,8.454,8.237703370403288,0.21629662959671236
2011-08-31,8.266,7.962184934258534,0.3038150657414658,8.219,7.961188174557273,0.25781182544272685,8.344,7.960988818619629,0.38301118138037005,8.319,7.960839301666399,0.3581606983336014
2011-09-30,8.277,8.348646366632572,-0.07164636663257262,8.303,8.353122497329318,-0.050122497329317284,8.413,8.354017739577507,0.05898226042249277,8.442,8.354689171263647,0.08731082873635287
2011-10-31,8.678,8.664719763279601,0.013280236720399685,8.558,8.670360093887577,-0.1123600938875775,8.842,8.671488181192547,0.17051181880745325,8.879,8.672334246671278,0.20666575332872128
2011-11-30,8.674,8.52503038859156,0.14896961140843956,8.581,8.526146232485187,0.05485376751481219,8.729,8.52636940509732,0.2026305949026792,8.738,8.526536784556416,0.21146321544358315
2011-12-31,8.559,8.333507773514036,0.22549222648596334,8.128,8.326220537027297,-0.19822053702729647,8.468,8.324763064150057,0.14323693584994324,8.56,8.323669959492126,0.23633004050787498
2012-01-31,8.565,8.54384662256163,0.021153377438370313,8.149,8.545915971100564,-0.3969159711005652,8.276,8.546329847745847,-0.2703298477458471,8.267,8.546640255229809,-0.2796402552298094
2012-02-29,8.815,8.561367867878017,0.2536321321219823,8.224,8.56310171483134,-0.3391017148313402,8.33,8.563448490616517,-0.2334484906165173,8.199,8.563708572455402,-0.36470857245540245
2012-03-31,8.062,8.365935658115344,-0.3039356581153445,8.166,8.364272019048721,-0.19827201904872105,8.578,8.363939283314203,0.21406071668579685,8.572,8.363689731513313,0.2083102684866862
2012-04-30,7.924,7.860721050337339,0.06327894966266179,8.296,7.853714539145975,0.4422854608540243,8.421,7.852313212715692,0.5686867872843075,8.671,7.851262217892982,0.8197377821070173
2012-05-31,7.98,7.978711706217134,0.0012882937828662122,8.133,7.977867191998005,0.15513280800199425,8.288,7.977698285726804,0.3103017142731961,8.377,7.977571606023404,0.3994283939765966
2012-06-30,7.996,7.962540829153803,0.03345917084619732,8.04,7.960186578972229,0.07981342102777056,8.162,7.959715721301903,0.20228427869809806,8.38,7.959362578049158,0.4206374219508424
2012-07-31,8.081,8.020705824009715,0.060294175990284415,8.026,8.02170964396522,0.004290356034779563,8.185,8.021910411087678,0.16308958891232272,8.245,8.022060986429517,0.22293901357048185
2012-08-31,7.895,7.97647473603319,-0.08147473603319,8.004,7.9767627210915055,0.027237278908494034,8.231,7.976820318265039,0.25417968173496064,8.241,7.976863516145186,0.2641364838548137
2012-09-30,7.89,8.012755182724943,-0.12275518272494335,8.009,8.013448579897462,-0.004448579897461613,8.181,8.013587261593154,0.16741273840684556,8.149,8.013691272864923,0.1353087271350759
2012-10-31,7.904,7.984033316665493,-0.08003331666549318,7.987,7.983028028444677,0.00397197155532325,8.186,7.982826967569157,0.2031730324308425,8.215,7.9826761719125185,0.2323238280874813
2012-11-30,8.029,8.017144233149306,0.011855766850693783,7.99,8.01719923850583,-0.027199238505829726,8.163,8.017210240123426,0.14578975987657472,8.175,8.017218491336617,0.15778150866338336
2012-12-31,7.946,7.981529151047581,-0.03552915104758103,7.925,7.981007750311678,-0.05600775031167782,8.024,7.980903468157456,0.043096531842542696,8.049,7.980825256541794,0.06817474345820518
2013-01-31,7.832,7.6315026665062975,0.20049733349370236,7.807,7.626927421511455,0.18007257848854508,7.981,7.62601235553038,0.3549876444696203,7.912,7.625326056044571,0.2866739439554289
2013-02-28,7.849,7.7698079229555175,0.07919207704448272,7.843,7.770521216969501,0.07247878303049937,7.936,7.770663878376511,0.16533612162348899,7.872,7.770770874431769,0.1012291255682305
2013-03-31,7.927,7.410420687420523,0.5165793125794762,7.83,7.405513970279163,0.42448602972083727,7.964,7.404532609977945,0.5594673900220553,7.96,7.403796589752032,0.556203410247968
2013-04-30,7.508,7.3421639289483664,0.16583607105163356,7.46,7.336550403932559,0.12344959606744066,7.552,7.335427678706046,0.21657232129395343,7.731,7.334585634786162,0.3964143652138379
2013-05-31,7.258,7.1391652429939,0.11883475700610013,7.348,7.135661847784929,0.21233815221507069,7.376,7.134961155048772,0.24103884495122863,7.443,7.13443563549665,0.3085643645033498
2013-06-30,7.508,7.3683847868455565,0.13961521315444347,7.583,7.373290045779192,0.2097099542208083,7.617,7.374271114527562,0.2427288854724381,7.439,7.375006916088846,0.06399308391115444
2013-07-31,9.128,7.81257361478194,1.3154263852180605,8.856,7.831072262965274,1.0249277370347256,8.858,7.834772060492748,1.0232279395072528,8.172,7.837546908638349,0.33445309136165147
2013-08-31,10.23,7.446417465663089,2.7835825343369116,9.232,7.449354658670948,1.7826453413290517,9.349,7.4499421108273705,1.8990578891726297,8.596,7.450382699944693,1.1456173000553074
2013-09-30,9.118,7.229287443359655,1.8887125566403453,8.664,7.221222756961546,1.4427772430384538,8.849,7.219609790749746,1.6293902092502544,8.766,7.2184000660908945,1.5475999339091056
2013-10-31,8.843,7.668762399762902,1.174237600237098,8.276,7.666151564504966,0.6098484354950342,8.543,7.665629388276406,0.8773706117235935,8.625,7.6652377561049825,0.9597622438950175
2013-11-30,8.971,7.77649219265843,1.1945078073415702,8.454,7.7759810791140715,0.6780189208859291,8.666,7.775878856258318,0.8901211437416823,9.044,7.775802189116505,1.2681978108834953
2013-12-31,8.978,7.807387179112088,1.1706128208879116,8.509,7.8119383401730005,0.6970616598269999,8.934,7.8128485862217625,1.1211514137782368,8.82,7.813531270758332,1.0064687292416679
2014-01-31,8.826,8.16722799430917,0.6587720056908299,8.753,8.175944136816454,0.5770558631835456,8.918,8.17768739545629,0.7403126045437087,8.77,8.178994839436166,0.5910051605638333
2014-02-28,8.967,8.045769059952026,0.921230940047975,8.868,8.046904467985108,0.8210955320148923,8.976,8.047131554183148,0.9288684458168532,8.862,8.047301868831678,0.8146981311683223
2014-03-31,8.495,7.918097273586139,0.5769027264138602,8.75,7.916979917475782,0.833020082524218,8.87,7.916756440988788,0.9532435590112112,8.804,7.916588833623541,0.8874111663764594
2014-04-30,8.585,7.960941463928087,0.6240585360719137,8.64,7.958265527289033,0.6817344727109678,8.801,7.957730331267895,0.8432696687321055,8.828,7.957328934252039,0.8706710657479606
2014-05-31,8.288,7.923055150341745,0.36494484965825524,8.459,7.92088769892299,0.5381123010770095,8.549,7.920454200405048,0.628545799594951,8.645,7.920129076516597,0.7248709234834028
2014-06-30,8.287,7.956658893848817,0.3303411061511836,8.376,7.954830560301035,0.42116943969896425,8.645,7.954464887133052,0.6905351128669475,8.744,7.954190632257066,0.7898093677429339
2014-07-31,8.21,8.040080849578866,0.16991915042113526,8.499,8.041526588117312,0.4574734118826882,8.454,8.041815741429886,0.41218425857011454,8.718,8.042032606414317,0.6759673935856831
2014-08-31,8.636,8.042237214118098,0.5937627858819017,8.446,8.042933434357971,0.40306656564202825,8.623,8.043072680813612,0.5799273191863872,8.559,8.043177115655341,0.515822884344658
2014-09-30,8.7,7.990305353857455,0.7096946461425446,8.393,7.9893597766972215,0.40364022330277916,8.557,7.989170658251867,0.5678293417481335,8.511,7.9890288194178485,0.5219711805821508
2014-10-31,8.358,7.932874447063761,0.42512555293623944,8.232,7.93145960751857,0.3005403924814294,8.277,7.931176633789211,0.34582336621078813,8.278,7.930964403492194,0.3470355965078067
2014-11-30,8.245,7.991781699380625,0.2532183006193742,8.178,7.992121796914016,0.18587820308598513,8.137,7.992189817071318,0.14481018292868253,8.087,7.992240832189295,0.0947591678107047
2014-12-31,8.102,7.9328087667533635,0.16919123324663676,7.964,7.930830511246763,0.033169488753237,7.992,7.930434852385148,0.06156514761485177,7.855,7.9301381082389355,-0.07513810823893508
2015-01-31,8.056,7.585272102847739,0.47072789715226016,7.716,7.577050938316252,0.1389490616837481,7.672,7.575406676993864,0.09659332300613599,7.691,7.574173481002068,0.1168265189979314
2015-02-28,7.874,7.760891333467999,0.11310866653200069,7.792,7.762825902944314,0.02917409705568552,7.777,7.763212822694016,0.013787177305983889,7.724,7.76350301250629,-0.03950301250629007
2015-03-31,7.797,7.40994274680206,0.3870572531979395,7.791,7.405927045009463,0.3850729549905374,7.746,7.405123890352569,0.3408761096474313,7.738,7.404521524359899,0.333478475640101
2015-04-30,7.866,7.521127444493499,0.34487255550650087,7.865,7.521841201305782,0.34315879869421817,7.88,7.521983955311487,0.35801604468851256,7.86,7.5220910208157665,0.3379089791842338
2015-05-31,7.728,7.461711845530316,0.26628815446968357,7.784,7.460811074290029,0.32318892570997093,7.841,7.460630916399456,0.3803690836005442,7.815,7.460495797981523,0.354504202018477
2015-06-30,7.677,7.197168033250461,0.479831966749539,7.871,7.1957102859685875,0.6752897140314129,8.063,7.1954187302658665,0.8675812697341341,7.861,7.195200063488824,0.665799936511176
2015-07-31,7.586,7.2520659711867665,0.33393402881323375,7.885,7.25231567312159,0.6326843268784099,7.938,7.252365614427517,0.6856343855724827,7.806,7.252403070406964,0.5535969295930361
2015-08-31,7.421,7.211130547190781,0.20986945280921887,7.816,7.210342507514458,0.605657492485542,7.912,7.210184896281452,0.7018151037185483,7.784,7.210066687856698,0.5739333121433017
2015-09-30,7.186,6.475764835796913,0.7102351642030866,7.506,6.463961220024659,1.042038779975341,7.624,6.46160045460727,1.1623995453927298,7.539,6.4598298805442305,1.0791701194557692
2015-10-31,7.198,6.725262492396023,0.47273750760397704,7.471,6.724000065604122,0.7469999343958778,7.682,6.723747576006956,0.9582524239930441,7.64,6.72355820880908,0.9164417911909197
2015-11-30,7.247,6.74900550061349,0.4979944993865102,7.499,6.748903990704116,0.7500960092958833,7.845,6.748883688398083,1.096116311601917,7.786,6.748868461668559,1.0371315383314403
2015-12-31,7.299,6.801961357806273,0.4970386421937274,7.618,6.803550851236873,0.8144491487631269,7.735,6.803868756080285,0.9311312439197152,7.758,6.804107184712845,0.9538928152871549
2016-01-31,7.22,6.674561258385444,0.5454387416145554,7.454,6.671075647205111,0.7829243527948888,7.621,6.670378513057989,0.9506214869420111,7.779,6.669855662447649,1.109144337552351
2016-02-29,7.262,6.823231914212215,0.4387680857877845,7.574,6.827317279789194,0.7466827202108055,7.734,6.828134366229014,0.9058656337709863,7.623,6.8287471810588825,0.7942528189411178
2016-03-31,7.2,6.684182444453795,0.5158175555462048,7.372,6.681239341133124,0.6907606588668758,7.524,6.6806507101765815,0.8433492898234185,7.459,6.680209236959173,0.7787907630408268
2016-04-30,7.0,6.3641836392614755,0.6358163607385245,7.269,6.358872072217983,0.9101279277820176,7.465,6.357809739507114,1.107190260492886,7.435,6.357012989973959,1.0779870100260407
2016-05-31,7.02,6.477484733673593,0.542515266326407,7.22,6.476107062286049,0.7438929377139507,7.437,6.475831523511342,0.9611684764886581,7.471,6.475624869430311,0.9953751305696894
2016-06-30,6.968,6.464464574118541,0.5035354258814593,7.134,6.463091650015177,0.6709083499848232,7.397,6.462817060276523,0.9341829397234775,7.448,6.4626111179725285,0.9853888820274719
2016-07-31,6.821,6.4291093680284375,0.39189063197156226,6.904,6.426229476457976,0.47777052354202354,7.047,6.425653487921068,0.6213465120789321,7.163,6.425221496518388,0.7377785034816124
2016-08-31,6.789,6.493255410333778,0.29574458966622164,6.877,6.493205578074444,0.3837944219255558,7.019,6.493195611243196,0.5258043887568045,7.11,6.493188136119763,0.6168118638802369
2016-09-30,6.631,6.445183267482374,0.1858167325176261,6.726,6.443585830512096,0.2824141694879039,6.88,6.44326633696261,0.4367336630373897,6.958,6.443026716800498,0.5149732831995024
2016-10-31,6.61,6.114983234543107,0.4950167654568931,6.573,6.108285151538104,0.46471484846189615,6.706,6.106945511676925,0.5990544883230751,6.885,6.105940781781038,0.7790592182189622
2016-11-30,6.037,6.066245463913987,-0.029245463913986747,6.033,6.061436099558132,-0.028436099558131644,6.2,6.060474207446117,0.13952579255388287,6.243,6.059752788362103,0.18324721163789714
2016-12-31,6.326,6.4125155147445225,-0.0865155147445229,6.457,6.419138240414982,0.037861759585017474,6.649,6.420462808889467,0.22853719111053294,6.512,6.421456235245329,0.09054376475467052
2017-01-31,6.256,6.220932541650575,0.03506745834942482,6.366,6.220029128511223,0.1459708714887764,6.562,6.219848442424208,0.3421515575757921,6.407,6.219712927858948,0.18728707214105178
2017-02-28,6.325,6.286401110032105,0.03859888996789529,6.582,6.287947069596602,0.29405293040339764,6.992,6.288256267169175,0.7037437328308247,6.87,6.288488165348602,0.5815118346513977
2017-03-31,6.239,6.2629878602208064,-0.023987860220806567,6.569,6.264226395605289,0.30477360439471113,6.861,6.264474106452889,0.5965258935471107,6.658,6.26465988958859,0.39334011041141004
2017-04-30,6.401,6.312690746660287,0.08830925333971251,6.789,6.314324909740609,0.4746750902593906,7.054,6.314651749051061,0.7393482509489395,6.961,6.3148968785339,0.6461031214661004
2017-05-31,6.529,6.231831212884149,0.2971687871158508,6.616,6.230667767210791,0.38533223278920836,6.91,6.230435073792152,0.6795649262078483,6.661,6.230260553728178,0.43073944627182126
2017-06-30,6.408,6.2126171161673485,0.1953828838326519,6.504,6.211428053156854,0.2925719468431458,6.741,6.211190236107641,0.5298097638923585,6.511,6.211011873320738,0.29998812667926256
2017-07-31,6.299,6.224107451897296,0.07489254810270474,6.456,6.222911655996153,0.23308834400384715,6.556,6.222672492904869,0.3333275070951309,6.465,6.2224931205864085,0.2425068794135914
2017-08-31,6.292,5.89059677073045,0.4014032292695502,6.406,5.885025170652038,0.5209748293479617,6.5,5.883910831409476,0.6160891685905243,6.525,5.883075076977558,0.641924923022442
2017-09-30,6.05,5.98262494808613,0.06737505191386983,6.456,5.983540071894432,0.47245992810556814,6.66,5.983723098917424,0.6762769010825762,6.663,5.98386036918467,0.6791396308153299
2017-10-31,6.259,6.015433285114632,0.24356671488536819,6.512,6.014587327621765,0.4974126723782346,6.751,6.014418134274516,0.7365818657254843,6.862,6.014291239264081,0.8477087607359195
2017-11-30,6.349,6.03992294259973,0.3090770574002706,6.655,6.0411334317028125,0.6138665682971878,6.896,6.041375534250768,0.8546244657492323,7.058,6.041557111161732,1.0164428888382675
2017-12-31,6.601,6.113170164611326,0.4878298353886743,6.97,6.116896790723453,0.8531032092765471,7.145,6.1176421298945645,1.0273578701054351,7.326,6.1182011342729,1.2077988657270993
2018-01-31,6.651,6.036664277155495,0.6143357228445048,7.08,6.038454212275102,1.041545787724898,7.324,6.038812205380116,1.2851877946198842,7.43,6.039080700208874,1.3909192997911255
2018-02-28,6.652,6.007258343908272,0.6447416560917283,7.194,6.007147494382864,1.1868525056171357,7.46,6.00712532472821,1.45287467527179,7.726,6.007108697487213,1.7188913025127865
2018-03-31,6.563,5.99132683454259,0.5716731654574101,7.086,5.9919705411499695,1.0940294588500308,7.315,5.992099283706974,1.3229007162930264,7.398,5.992195840624728,1.405804159375272
2018-04-30,6.786,6.166730727926527,0.6192692720734723,7.57,6.173649799876988,1.3963502001230124,7.78,6.175033638784072,1.6049663612159284,7.767,6.176071517964386,1.590928482035614
2018-05-31,7.07,6.065128966867166,1.0048710331328339,7.691,6.066373900560642,1.6246260994393582,7.834,6.066622892630888,1.7673771073691116,7.826,6.066809636683572,1.7591903633164279
2018-06-30,7.019,6.341297469892385,0.6777025301076147,7.752,6.346174776991662,1.4058252230083381,7.945,6.347150255333249,1.5978497446667514,7.903,6.347881864089445,1.5551181359105541
2018-07-31,7.248,6.254140698336967,0.9938593016630328,7.667,6.253213782110089,1.4137862178899105,7.898,6.2530283960243995,1.6449716039756002,7.772,6.252889356460129,1.5191106435398716
2018-08-31,7.341,6.616280584155414,0.7247194158445858,7.795,6.621047337309784,1.1739526626902164,8.009,6.622000705391101,1.3869992946088994,7.951,6.622715731452089,1.328284268547911
2018-09-30,7.753,6.591015699286667,1.1619843007133328,7.958,6.592641580552892,1.3653584194471078,8.072,6.592966763923887,1.4790332360761118,8.024,6.593210651452135,1.4307893485478642
2018-10-31,7.483,6.375373527890816,1.1076264721091835,7.651,6.370907498956553,1.2800925010434465,7.825,6.3700142769651595,1.4549857230348406,7.853,6.3693443604716125,1.4836556395283873
2018-11-30,7.174,6.409569854871119,0.7644301451288813,7.419,6.406835500104431,1.0121644998955688,7.516,6.406288618876385,1.1097113811236152,7.607,6.405878457955352,1.201121542044648
2018-12-31,6.814,6.3709749117583705,0.44302508824162956,7.1,6.36694985503091,0.7330501449690896,7.24,6.366144828583924,0.8738551714160758,7.37,6.365541058748684,1.0044589412513165
2019-01-31,6.736,6.429758238243793,0.30624176175620654,6.976,6.426613858034016,0.549386141965984,7.222,6.425984971233995,0.7960150287660053,7.483,6.425513306133984,1.0574866938660152
2019-02-28,6.565,6.06094770064565,0.5040522993543508,6.778,6.052288359122403,0.7257116408775968,7.09,6.050556460735518,1.0394435392644823,7.591,6.049257536945354,1.5417424630546464
2019-03-31,6.432,6.221815679274325,0.21018432072567528,6.659,6.221501795286132,0.4374982047138678,6.933,6.221439016618499,0.7115609833815011,7.346,6.221391932617776,1.1246080673822245
2019-04-30,6.565,6.075390670695526,0.4896093293044741,7.034,6.079296439871011,0.9547035601289888,7.336,6.080077606203264,1.2559223937967365,7.414,6.080663480952453,1.3333365190475464
2019-05-31,6.257,5.873969671598593,0.3830303284014063,6.672,5.86929461279285,0.8027053872071495,6.846,5.8683595841878455,0.9776404158121546,7.032,5.867658312734095,1.164341687265905
2019-06-30,6.189,5.64274661007467,0.5462533899253303,6.569,5.638283118922956,0.9307168810770436,6.766,5.637390404360435,1.1286095956395652,6.879,5.636720868438539,1.2422791315614603
2019-07-31,5.897,5.643814816956691,0.2531851830433096,6.209,5.640499729293243,0.5685002707067568,6.301,5.639836699091664,0.6611633009083357,6.369,5.63933942644048,0.7296605735595199
2019-08-31,5.769,5.196225283840148,0.5727747161598522,6.063,5.187175870912583,0.8758241290874169,6.366,5.185365956395045,1.1806340436049547,6.556,5.184008520506892,1.3719914794931078
2019-09-30,5.763,5.40731870168788,0.3556812983121196,6.126,5.407664911669461,0.718335088330539,6.47,5.407734154977135,1.062265845022865,6.695,5.407786087457891,1.287213912542109
2019-10-31,5.479,4.973952433957254,0.5050475660427463,5.935,4.966877931368206,0.9681220686317937,6.287,4.965463005519079,1.3215369944809208,6.643,4.964401811132235,1.678598188867765
2019-11-30,5.321,5.186319915598495,0.1346800844015048,6.004,5.189364462096172,0.8146355379038273,6.252,5.189973380960369,1.0620266190396306,6.46,5.190430070108515,1.2695699298914853
2019-12-31,5.562,5.299631199677475,0.2623688003225251,6.357,5.305553710476537,1.0514462895234633,6.477,5.3067382336416395,1.1702617663583608,6.554,5.307626626015468,1.2463733739845324
2020-01-31,5.435,5.075198550398377,0.35980144960162264,6.212,5.072116972309173,1.1398830276908267,6.401,5.0715006459683645,1.3294993540316353,6.599,5.071038401212758,1.5279615987872424
2020-02-29,5.236,4.937741740377653,0.2982582596223464,5.657,4.927838095750271,0.7291619042497288,5.868,4.925857332804522,0.942142667195478,6.371,4.924371760595207,1.4466282394047933
2020-03-31,4.897,4.054613130496776,0.8423868695032244,5.399,4.03993583695319,1.3590641630468099,5.578,4.037000325468742,1.5409996745312586,6.138,4.034798691855405,2.1032013081445946
2020-04-30,3.933,4.049267976099092,-0.1162679760990919,4.725,4.037531423041904,0.6874685769580955,5.15,4.035184069775424,1.1148159302245766,6.11,4.033423554825563,2.076576445174437
2020-05-31,3.619,3.8060304454592906,-0.18703044545929037,4.579,3.8004598745060583,0.7785401254939415,5.426,3.7993457377866076,1.6266542622133926,6.013,3.7985101352470205,2.2144898647529794
2020-06-30,3.732,3.955127685313571,-0.22312768531357063,4.401,3.9522369148336756,0.44876308516632424,5.281,3.9516587510794037,1.329341248920596,5.888,3.951225128263699,1.9367748717363007
2020-07-31,3.66,3.9954808284439114,-0.33548082844391125,4.404,3.9945318013565645,0.4094681986434354,4.988,3.994341993499426,0.9936580065005742,5.837,3.994199637606571,1.8428003623934286
2020-08-31,3.741,4.212501995817224,-0.47150199581722374,4.994,4.222844206518232,0.7711557934817677,5.472,4.224912684110936,1.2470873158890647,6.078,4.226464042305463,1.8515359576945372
2020-09-30,3.708,3.982605805497657,-0.2746058054976568,4.939,3.9818787862849914,0.9571212137150087,5.391,3.9817333798796737,1.4092666201203263,6.015,3.9816243250756864,2.0333756749243133
2020-10-31,3.473,3.8724282225390794,-0.3994282225390795,4.628,3.86758842503964,0.7604115749603602,5.165,3.866620448197878,1.298379551802122,5.881,3.8658944655665555,2.0151055344334448
2020-11-30,3.33,3.901587657071955,-0.5715876570719551,4.421,3.8975409067821354,0.5234590932178649,5.075,3.8967315425519997,1.1782684574480005,5.911,3.896124519379397,2.0148754806206024
2020-12-31,3.762,4.035398030496483,-0.27339803049648337,4.406,4.03457491689063,0.3714250831093695,5.099,4.0344102925313114,1.0645897074686888,5.894,4.034286824261822,1.859713175738178
2021-01-31,3.904,4.125823812227925,-0.22182381222792547,4.708,4.131291276317935,0.5767087236820654,5.297,4.1323847881675,1.1646152118324995,5.949,4.1332049220546745,1.8157950779453254
2021-02-28,4.071,4.1152463797144385,-0.04424637971443879,5.04,4.120570811988647,0.9194291880113532,5.771,4.121635716738967,1.6493642832610327,6.229,4.122434395301708,2.106565604698292
2021-03-31,3.926,3.949897529960364,-0.023897529960363872,4.929,3.9484133172714073,0.980586682728593,5.705,3.9481164691098227,1.7568835308901773,6.177,3.9478938329886346,2.229106167011365
2021-04-30,3.819,3.94408060122784,-0.12508060122784004,4.773,3.941436230463983,0.8315637695360167,5.42,3.9409073473404264,1.4790926526595736,6.03,3.9405106849977574,2.089489315002243
2021-05-31,3.765,3.9712365689421927,-0.20623656894219256,4.699,3.9710871795710614,0.7279128204289385,5.588,3.971057300177419,1.616942699822581,6.022,3.9710348906321857,2.0509651093678145
2021-06-30,4.09,4.10255872779816,-0.012558727798159808,4.893,4.10569174674528,0.7873082532547198,5.72,4.106318362157111,1.6136816378428884,6.051,4.1067883237159855,1.9442116762840147
2021-07-31,4.041,3.8715770254513493,0.16942297454865107,4.624,3.865643725631211,0.7583562743687886,5.726,3.8644570452517457,1.8615429547482543,6.204,3.863567034967147,2.3404329650328526
2021-08-31,3.849,4.058164646576823,-0.20916464657682265,4.827,4.061502957002827,0.7654970429971728,5.651,4.062170630589408,1.5888293694105915,6.215,4.0626713857793435,2.1523286142206564
2021-09-30,4.026,4.055721641919592,-0.02972164191959248,4.933,4.057158274189022,0.8758417258109779,5.66,4.057445606281995,1.6025543937180053,6.223,4.057661105351723,2.1653388946482766
2021-10-31,4.107,4.063006849870602,0.043993150129398195,5.124,4.065680751175423,1.058319248824577,5.864,4.066215540877028,1.7977844591229717,6.388,4.066616633153233,2.321383366846767
2021-11-30,4.259,4.002828676876128,0.2561713231238727,5.084,4.001479614807774,1.0825203851922254,5.693,4.0012097986817645,1.691790201318235,6.326,4.001007436587258,2.3249925634127413
2021-12-31,4.367,4.077727163249105,0.28927283675089477,5.296,4.08086453086815,1.2151354691318499,5.862,4.081492015557533,1.7805079844424672,6.454,4.08196262907457,2.3720373709254297
2022-01-31,4.486,3.9832950401690677,0.5027049598309321,5.296,3.981802427875596,1.3141975721244044,6.03,3.981503900767797,2.0484960992322034,6.684,3.9812800054369464,2.702719994563054
2022-02-28,4.377,4.092892605607525,0.2841073943924748,5.591,4.097438946641311,1.4935610533586896,6.047,4.098348230772263,1.9486517692277365,6.77,4.099030193870478,2.6709698061295217
2022-03-31,4.321,4.018376809423567,0.3026231905764325,5.674,4.019515571469522,1.6544844285304787,6.101,4.01974332776129,2.08125667223871,6.843,4.019914144980117,2.823085855019883
2022-04-30,4.814,4.226459760877184,0.5875402391228164,6.219,4.235230961478162,1.9837690385218387,6.683,4.236985232679291,2.446014767320709,7.139,4.2383009360801385,2.9006990639198618
2022-05-31,6.013,4.885178729144223,1.1278212708557769,6.935,4.901509966026294,2.033490033973705,7.21,4.904776273796267,2.3052237262037334,7.415,4.9072260046237455,2.5077739953762546
2022-06-30,6.207,5.083752813411063,1.1232471865889364,6.96,5.091404108082618,1.8685958919173817,7.255,5.092934394758329,2.162065605241671,7.45,5.0940821097651146,2.3559178902348856
2022-07-31,6.347,4.846266599276236,1.5007334007237647,6.753,4.8426726200283,1.9103273799717,7.074,4.841953812281515,2.2320461877184847,7.32,4.841414706471429,2.478585293528571
2022-08-31,6.343,5.6231303557320365,0.7198696442679635,6.875,5.633688235104161,1.2413117648958387,6.986,5.635799848188622,1.3502001518113778,7.188,5.637383558001968,1.5506164419980317
2022-09-30,6.7,6.2033843483591395,0.49661565164086063,7.218,6.216082292572357,1.0019177074276433,7.317,6.218621926883131,1.0983780731168693,7.398,6.220526652616206,1.1774733473837937
2022-10-31,6.814,5.956758504026298,0.8572414959737022,7.352,5.958712743855889,1.3932872561441112,7.377,5.959103599002528,1.4178964009974715,7.445,5.959396740362505,1.4856032596374948
2022-11-30,6.757,5.797362592521736,0.9596374074782634,7.055,5.792585972540522,1.262414027459478,7.13,5.791630631983706,1.338369368016294,7.28,5.790914126566093,1.4890858734339076
2022-12-31,6.745,6.390250012993568,0.3547499870064321,7.141,6.39722409868083,0.7437759013191698,7.227,6.3986189402307385,0.8283810597692618,7.327,6.3996650713931675,0.9273349286068324
2023-01-31,6.771,6.24645026478388,0.5245497352161195,7.132,6.246025190475947,0.8859748095240523,7.215,6.245940174329524,0.9690598256704757,7.343,6.24587641221971,1.09712358778029
2023-02-28,7.299,6.711866223337072,0.5871337766629283,7.379,6.719045596999636,0.6599544030003637,7.438,6.720481498327331,0.7175185016726688,7.457,6.721558424323101,0.7354415756768988
2023-03-31,7.138,6.412684271304138,0.725315728695862,7.155,6.409013050837831,0.7459869491621696,7.167,6.408278793936459,0.7587212060635409,7.315,6.407728101260432,0.9072718987395687
2023-04-30,6.905,6.429831555286442,0.47516844471355846,6.965,6.4281797702681445,0.5368202297318554,7.031,6.427849406452128,0.6031505935478716,7.116,6.427601633590118,0.6883983664098814
2023-05-31,6.774,6.469413057288439,0.30458694271156084,6.878,6.468753528629997,0.40924647137000303,6.916,6.468621620129325,0.44737837987067497,6.989,6.468522688753821,0.5204773112461787
2023-06-30,6.856,6.559242297328834,0.2967577026711661,7.046,6.5617055325575215,0.4842944674424787,7.078,6.562198188312217,0.5158018116877834,7.11,6.562567680128236,0.5474323198717643
2023-07-31,6.897,6.523574588114156,0.37342541188584466,7.115,6.524518300456312,0.5904816995436883,7.156,6.524707046286418,0.6312929537135821,7.172,6.524848605658999,0.6471513943410008
2023-08-31,7.003,6.527191303165438,0.4758086968345623,7.159,6.5277907314356876,0.6312092685643123,7.156,6.527910619527384,0.6280893804726153,7.166,6.52800053559616,0.6379994644038405
2023-09-30,6.975,6.532937370733889,0.4420626292661103,7.262,6.534766882444563,0.7272331175554365,7.233,6.535132790962641,0.6978672090373585,7.21,6.535407222351202,0.6745927776487983
2023-10-31,7.331,6.530981010235979,0.8000189897640215,7.303,6.530270611788958,0.772729388211042,7.348,6.530128530859026,0.8178714691409743,7.351,6.530021970161574,0.8209780298384262
2023-11-30,7.226,6.48018064545587,0.7458193545441301,7.254,6.479908019500611,0.7740919804993887,7.289,6.479853492964791,0.8091465070352086,7.279,6.479812598062924,0.7991874019370755
2023-12-31,7.11,6.4332639305711155,0.6767360694288849,7.084,6.430318061902996,0.6536819380970034,7.065,6.429728878013129,0.6352711219868716,7.176,6.429286990095728,0.7467130099042718
2024-01-31,7.096,6.482604379666044,0.6133956203339563,7.033,6.481857569933565,0.5511424300664354,7.028,6.4817082053468145,0.5462917946531851,7.144,6.48159618190675,0.6624038180932503
2024-02-29,7.037,6.515799999931385,0.5212000000686148,7.063,6.517232276644734,0.545767723355266,7.059,6.517518736404115,0.5414812635958848,7.078,6.517733581223653,0.5602664187763473
2024-03-31,6.975,6.493945580139005,0.4810544198609943,7.053,6.494100958828359,0.5588990411716406,7.051,6.494132034831712,0.556867965168288,7.052,6.494155341834232,0.5578446581657674
2024-04-30,7.059,6.543669064781059,0.515330935218941,7.188,6.5453313528340775,0.6426686471659222,7.209,6.545663816454555,0.6633361835454448,7.195,6.545913164169915,0.6490868358300856
2024-05-31,6.939,6.462026059826312,0.4769739401736883,7.053,6.461080578470474,0.5919194215295258,7.054,6.460891478295052,0.5931085217049485,6.986,6.460749653163481,0.5252503468365184
2024-06-30,6.936,6.466820352564365,0.46917964743563534,6.977,6.465137091123087,0.5118629088769131,7.022,6.464800433144038,0.557199566855962,7.008,6.464547939659753,0.5434520603402468
2024-07-31,6.839,6.441506280480989,0.39749371951901136,6.828,6.438968308578321,0.38903169142167915,6.846,6.438460705399158,0.40753929460084226,6.924,6.438080003014786,0.4859199969852144
2024-08-31,6.743,6.468015139310889,0.274984860689111,6.75,6.467039669375364,0.2829603306246362,6.772,6.466844571716908,0.3051554282830926,6.863,6.466698248473066,0.39630175152693425
2024-09-30,6.615,6.4684414622130495,0.14655853778695072,6.664,6.46772653623863,0.19627346376136945,6.669,6.467583548094154,0.20141645190584523,6.75,6.4674763069857955,0.28252369301420455
2024-10-31,6.611,6.52049593345524,0.09050406654476006,6.744,6.521591883814191,0.22240811618580913,6.774,6.521811077632124,0.2521889223678757,6.841,6.521975472995572,0.3190245270044283
2024-11-30,6.715,6.510601306903766,0.20439869309623404,6.72,6.510455875955517,0.20954412404448242,6.705,6.51042678953586,0.19457321046414044,6.751,6.51040497472112,0.24059502527888021
2024-12-31,6.672,6.494345364788249,0.1776546352117503,6.717,6.494409234677308,0.22259076532269173,6.724,6.494422008682445,0.22957799131755507,6.759,6.494431589186296,0.2645684108137045
2025-01-31,6.573,6.455790194231592,0.11720980576840834,6.608,6.454183177718659,0.15381682228134075,6.624,6.453861768615732,0.17013823138426787,6.694,6.453620711788535,0.24037928821146526
2025-02-28,6.57,6.155484140744547,0.4145158592554532,6.58,6.151005525153469,0.4289944748465313,6.64,6.150109786188407,0.48989021381159237,6.72,6.149437981964615,0.5705620180353845
2025-03-31,6.39,6.194800617639653,0.19519938236034662,6.44,6.193037596355813,0.2469624036441873,6.45,6.192684985575382,0.2573150144246181,6.58,6.192420527490058,0.38757947250994196
